6539 [Test worker] INFO  manager.ApplicationManager -- All tests runs in Chrome Browser
8511 [Test worker] INFO  manager.ApplicationManager -- The link --->https://telranedu.web.app/home
8562 [Test worker] INFO  tests.TestBase -- Name of method (test) --->NegativeEmailContactTest
13737 [Test worker] INFO  tests.TestBase -- Start test with name 'NegativeEmailContactTest
13737 [Test worker] INFO  tests.TestBase -- Contact Test data ---> name: 'Pavel, lastName: Lagodni, phone: 059787877, email: lagodnip, address: Ein Gedi 28, & description: null'
13738 [Test worker] INFO  manager.ListenerWD -- Before find element-->By.cssSelector: a[href='/login']
13763 [Test worker] INFO  manager.ListenerWD -- After find element-->By.cssSelector: a[href='/login']
13770 [Test worker] INFO  manager.ListenerWD -- Location of element-->a
13782 [Test worker] INFO  manager.ListenerWD -- Before click element -->atext-->LOGIN
13829 [Test worker] INFO  manager.ListenerWD -- After click element -->a
13830 [Test worker] INFO  manager.ListenerWD -- Before find element-->By.name: email
13854 [Test worker] INFO  manager.ListenerWD -- After find element-->By.name: email
13858 [Test worker] INFO  manager.ListenerWD -- Location of element-->input
13869 [Test worker] INFO  manager.ListenerWD -- Before click element -->inputtext-->
13911 [Test worker] INFO  manager.ListenerWD -- After click element -->input
13941 [Test worker] INFO  manager.ListenerWD -- sendKeyds-->
13947 [Test worker] INFO  manager.ListenerWD -- sendKeyds_TagName-->input
13979 [Test worker] INFO  manager.ListenerWD -- Before find element-->By.xpath: //input[@placeholder='Password']
13999 [Test worker] INFO  manager.ListenerWD -- After find element-->By.xpath: //input[@placeholder='Password']
14002 [Test worker] INFO  manager.ListenerWD -- Location of element-->input
14012 [Test worker] INFO  manager.ListenerWD -- Before click element -->inputtext-->
14044 [Test worker] INFO  manager.ListenerWD -- After click element -->input
14067 [Test worker] INFO  manager.ListenerWD -- sendKeyds-->
14070 [Test worker] INFO  manager.ListenerWD -- sendKeyds_TagName-->input
14089 [Test worker] INFO  manager.ListenerWD -- Before find element-->By.xpath: //button[text()='Login']
14107 [Test worker] INFO  manager.ListenerWD -- After find element-->By.xpath: //button[text()='Login']
14112 [Test worker] INFO  manager.ListenerWD -- Location of element-->button
14121 [Test worker] INFO  manager.ListenerWD -- Before click element -->buttontext-->Login
14168 [Test worker] INFO  manager.ListenerWD -- Before find element-->By.xpath: //a[@href='/add']
15183 [Test worker] INFO  manager.ListenerWD -- After find element-->By.xpath: //a[@href='/add']
15187 [Test worker] INFO  manager.ListenerWD -- Location of element-->a
15196 [Test worker] INFO  manager.ListenerWD -- Before click element -->atext-->ADD
15233 [Test worker] INFO  manager.ListenerWD -- After click element -->a
15233 [Test worker] INFO  manager.ListenerWD -- Before find element-->By.xpath: //input[@placeholder='Name']
15252 [Test worker] INFO  manager.ListenerWD -- After find element-->By.xpath: //input[@placeholder='Name']
15256 [Test worker] INFO  manager.ListenerWD -- Location of element-->input
15265 [Test worker] INFO  manager.ListenerWD -- Before click element -->inputtext-->
15301 [Test worker] INFO  manager.ListenerWD -- After click element -->input
15321 [Test worker] INFO  manager.ListenerWD -- sendKeyds-->
15326 [Test worker] INFO  manager.ListenerWD -- sendKeyds_TagName-->input
15343 [Test worker] INFO  manager.ListenerWD -- Before find element-->By.xpath: //input[@placeholder='Last Name']
15361 [Test worker] INFO  manager.ListenerWD -- After find element-->By.xpath: //input[@placeholder='Last Name']
15366 [Test worker] INFO  manager.ListenerWD -- Location of element-->input
15376 [Test worker] INFO  manager.ListenerWD -- Before click element -->inputtext-->
15409 [Test worker] INFO  manager.ListenerWD -- After click element -->input
15432 [Test worker] INFO  manager.ListenerWD -- sendKeyds-->
15435 [Test worker] INFO  manager.ListenerWD -- sendKeyds_TagName-->input
15452 [Test worker] INFO  manager.ListenerWD -- Before find element-->By.xpath: //input[@placeholder='Phone']
15470 [Test worker] INFO  manager.ListenerWD -- After find element-->By.xpath: //input[@placeholder='Phone']
15473 [Test worker] INFO  manager.ListenerWD -- Location of element-->input
15481 [Test worker] INFO  manager.ListenerWD -- Before click element -->inputtext-->
15514 [Test worker] INFO  manager.ListenerWD -- After click element -->input
15534 [Test worker] INFO  manager.ListenerWD -- sendKeyds-->
15538 [Test worker] INFO  manager.ListenerWD -- sendKeyds_TagName-->input
15559 [Test worker] INFO  manager.ListenerWD -- Before find element-->By.xpath: //input[@placeholder='email']
15577 [Test worker] INFO  manager.ListenerWD -- After find element-->By.xpath: //input[@placeholder='email']
15580 [Test worker] INFO  manager.ListenerWD -- Location of element-->input
15589 [Test worker] INFO  manager.ListenerWD -- Before click element -->inputtext-->
15623 [Test worker] INFO  manager.ListenerWD -- After click element -->input
15641 [Test worker] INFO  manager.ListenerWD -- sendKeyds-->
15644 [Test worker] INFO  manager.ListenerWD -- sendKeyds_TagName-->input
15665 [Test worker] INFO  manager.ListenerWD -- Before find element-->By.xpath: //input[@placeholder='Address']
15690 [Test worker] INFO  manager.ListenerWD -- After find element-->By.xpath: //input[@placeholder='Address']
15694 [Test worker] INFO  manager.ListenerWD -- Location of element-->input
15703 [Test worker] INFO  manager.ListenerWD -- Before click element -->inputtext-->
15736 [Test worker] INFO  manager.ListenerWD -- After click element -->input
15756 [Test worker] INFO  manager.ListenerWD -- sendKeyds-->
15759 [Test worker] INFO  manager.ListenerWD -- sendKeyds_TagName-->input
15778 [Test worker] INFO  manager.ListenerWD -- Before find element-->By.xpath: //input[@placeholder='description']
15794 [Test worker] INFO  manager.ListenerWD -- After find element-->By.xpath: //input[@placeholder='description']
15797 [Test worker] INFO  manager.ListenerWD -- Location of element-->input
15806 [Test worker] INFO  manager.ListenerWD -- Before click element -->inputtext-->
15838 [Test worker] INFO  manager.ListenerWD -- After click element -->input
15851 [Test worker] INFO  manager.ListenerWD -- Before find element-->By.xpath: //b[text()='Save']
15867 [Test worker] INFO  manager.ListenerWD -- After find element-->By.xpath: //b[text()='Save']
15871 [Test worker] INFO  manager.ListenerWD -- Location of element-->b
15879 [Test worker] INFO  manager.ListenerWD -- Before click element -->btext-->Save
15912 [Test worker] INFO  manager.ListenerWD -- After click element -->b
15927 [Test worker] INFO  manager.ListenerWD -- Huston, we have a problem!
15928 [Test worker] INFO  manager.ListenerWD -- Failed method:alert
15928 [Test worker] INFO  manager.ListenerWD -- ***************
15928 [Test worker] INFO  manager.ListenerWD -- Arguments:null
15928 [Test worker] INFO  manager.ListenerWD -- ***************
15928 [Test worker] INFO  manager.ListenerWD -- Exception:NoAlertPresentException
15928 [Test worker] INFO  manager.ListenerWD -- ***************
15928 [Test worker] INFO  manager.ListenerWD -- Messageno such alert
  (Session info: chrome=148.0.7778.216)
Build info: version: '4.26.0', revision: '8ccf0219d7'
System info: os.name: 'Windows 11', os.arch: 'amd64', os.version: '10.0', java.version: '21.0.10'
Driver info: org.openqa.selenium.chrome.ChromeDriver
Command: [fb0ea402cd5bd0780774048813ff24e4, getAlertText {}]
Capabilities {acceptInsecureCerts: false, browserName: chrome, browserVersion: 148.0.7778.216, chrome: {chromedriverVersion: 148.0.7778.167 (65db666ac2c..., userDataDir: C:\Users\Pavlova\AppData\Lo...}, fedcm:accounts: true, goog:chromeOptions: {debuggerAddress: localhost:29256}, goog:processID: 2668, networkConnectionEnabled: false, pageLoadStrategy: normal, platformName: windows, proxy: Proxy(), se:cdp: ws://localhost:29256/devtoo..., se:cdpVersion: 148.0.7778.216, setWindowRect: true, strictFileInteractability: false, timeouts: {implicit: 0, pageLoad: 300000, script: 30000}, unhandledPromptBehavior: dismiss and notify, webauthn:extension:credBlob: true, webauthn:extension:largeBlob: true, webauthn:extension:minPinLength: true, webauthn:extension:prf: true, webauthn:virtualAuthenticators: true}
Session ID: fb0ea402cd5bd0780774048813ff24e4
15928 [Test worker] INFO  manager.ListenerWD -- ***************
15928 [Test worker] INFO  manager.ListenerWD -- ***************
15929 [Test worker] INFO  manager.ListenerWD -- Screen with error is--->src/test/screenshots/screen_1859.png
16464 [Test worker] INFO  tests.TestBase -- Assert check is alert present with error text 'Email not valid: должно иметь формат адреса электронной почты'
16474 [Test worker] INFO  tests.TestBase -- ==============================================
16478 [Test worker] INFO  tests.TestBase -- Name of method (test) --->NegativePhoneContactTest1
16493 [Test worker] INFO  manager.ListenerWD -- Before find element-->By.xpath: //button[text()='Sign Out']
16510 [Test worker] INFO  manager.ListenerWD -- After find element-->By.xpath: //button[text()='Sign Out']
16514 [Test worker] INFO  manager.ListenerWD -- Location of element-->button
16524 [Test worker] INFO  manager.ListenerWD -- Before click element -->buttontext-->Sign Out
16570 [Test worker] INFO  tests.TestBase -- Before method finished logout
16573 [Test worker] INFO  tests.TestBase -- Start test with name 'NegativePhoneContactTest1
16573 [Test worker] INFO  tests.TestBase -- Contact Test data ---> name: 'Pavel, lastName: Lagodni, phone: 0, email: pavlova@gmail.com, address: Ein Gedi 28, & description: null'
16573 [Test worker] INFO  manager.ListenerWD -- Before find element-->By.cssSelector: a[href='/login']
16586 [Test worker] INFO  manager.ListenerWD -- After find element-->By.cssSelector: a[href='/login']
16592 [Test worker] INFO  manager.ListenerWD -- Location of element-->a
16601 [Test worker] INFO  manager.ListenerWD -- Before click element -->atext-->LOGIN
16638 [Test worker] INFO  manager.ListenerWD -- After click element -->a
16638 [Test worker] INFO  manager.ListenerWD -- Before find element-->By.name: email
16652 [Test worker] INFO  manager.ListenerWD -- After find element-->By.name: email
16657 [Test worker] INFO  manager.ListenerWD -- Location of element-->input
16665 [Test worker] INFO  manager.ListenerWD -- Before click element -->inputtext-->
16700 [Test worker] INFO  manager.ListenerWD -- After click element -->input
16721 [Test worker] INFO  manager.ListenerWD -- sendKeyds-->
16725 [Test worker] INFO  manager.ListenerWD -- sendKeyds_TagName-->input
16747 [Test worker] INFO  manager.ListenerWD -- Before find element-->By.xpath: //input[@placeholder='Password']
16759 [Test worker] INFO  manager.ListenerWD -- After find element-->By.xpath: //input[@placeholder='Password']
16763 [Test worker] INFO  manager.ListenerWD -- Location of element-->input
16771 [Test worker] INFO  manager.ListenerWD -- Before click element -->inputtext-->
16807 [Test worker] INFO  manager.ListenerWD -- After click element -->input
16831 [Test worker] INFO  manager.ListenerWD -- sendKeyds-->
16834 [Test worker] INFO  manager.ListenerWD -- sendKeyds_TagName-->input
16851 [Test worker] INFO  manager.ListenerWD -- Before find element-->By.xpath: //button[text()='Login']
16864 [Test worker] INFO  manager.ListenerWD -- After find element-->By.xpath: //button[text()='Login']
16868 [Test worker] INFO  manager.ListenerWD -- Location of element-->button
16878 [Test worker] INFO  manager.ListenerWD -- Before click element -->buttontext-->Login
16909 [Test worker] INFO  manager.ListenerWD -- Before find element-->By.xpath: //a[@href='/add']
17230 [Test worker] INFO  manager.ListenerWD -- After find element-->By.xpath: //a[@href='/add']
17233 [Test worker] INFO  manager.ListenerWD -- Location of element-->a
17242 [Test worker] INFO  manager.ListenerWD -- Before click element -->atext-->ADD
17276 [Test worker] INFO  manager.ListenerWD -- After click element -->a
17276 [Test worker] INFO  manager.ListenerWD -- Before find element-->By.xpath: //input[@placeholder='Name']
17290 [Test worker] INFO  manager.ListenerWD -- After find element-->By.xpath: //input[@placeholder='Name']
17295 [Test worker] INFO  manager.ListenerWD -- Location of element-->input
17303 [Test worker] INFO  manager.ListenerWD -- Before click element -->inputtext-->
17334 [Test worker] INFO  manager.ListenerWD -- After click element -->input
17354 [Test worker] INFO  manager.ListenerWD -- sendKeyds-->
17357 [Test worker] INFO  manager.ListenerWD -- sendKeyds_TagName-->input
17376 [Test worker] INFO  manager.ListenerWD -- Before find element-->By.xpath: //input[@placeholder='Last Name']
17388 [Test worker] INFO  manager.ListenerWD -- After find element-->By.xpath: //input[@placeholder='Last Name']
17393 [Test worker] INFO  manager.ListenerWD -- Location of element-->input
17400 [Test worker] INFO  manager.ListenerWD -- Before click element -->inputtext-->
17432 [Test worker] INFO  manager.ListenerWD -- After click element -->input
17450 [Test worker] INFO  manager.ListenerWD -- sendKeyds-->
17453 [Test worker] INFO  manager.ListenerWD -- sendKeyds_TagName-->input
17470 [Test worker] INFO  manager.ListenerWD -- Before find element-->By.xpath: //input[@placeholder='Phone']
17483 [Test worker] INFO  manager.ListenerWD -- After find element-->By.xpath: //input[@placeholder='Phone']
17487 [Test worker] INFO  manager.ListenerWD -- Location of element-->input
17494 [Test worker] INFO  manager.ListenerWD -- Before click element -->inputtext-->
17526 [Test worker] INFO  manager.ListenerWD -- After click element -->input
17544 [Test worker] INFO  manager.ListenerWD -- sendKeyds-->
17547 [Test worker] INFO  manager.ListenerWD -- sendKeyds_TagName-->input
17561 [Test worker] INFO  manager.ListenerWD -- Before find element-->By.xpath: //input[@placeholder='email']
17576 [Test worker] INFO  manager.ListenerWD -- After find element-->By.xpath: //input[@placeholder='email']
17579 [Test worker] INFO  manager.ListenerWD -- Location of element-->input
17587 [Test worker] INFO  manager.ListenerWD -- Before click element -->inputtext-->
17618 [Test worker] INFO  manager.ListenerWD -- After click element -->input
17636 [Test worker] INFO  manager.ListenerWD -- sendKeyds-->
17640 [Test worker] INFO  manager.ListenerWD -- sendKeyds_TagName-->input
17661 [Test worker] INFO  manager.ListenerWD -- Before find element-->By.xpath: //input[@placeholder='Address']
17674 [Test worker] INFO  manager.ListenerWD -- After find element-->By.xpath: //input[@placeholder='Address']
17678 [Test worker] INFO  manager.ListenerWD -- Location of element-->input
17684 [Test worker] INFO  manager.ListenerWD -- Before click element -->inputtext-->
17716 [Test worker] INFO  manager.ListenerWD -- After click element -->input
17735 [Test worker] INFO  manager.ListenerWD -- sendKeyds-->
17738 [Test worker] INFO  manager.ListenerWD -- sendKeyds_TagName-->input
17757 [Test worker] INFO  manager.ListenerWD -- Before find element-->By.xpath: //input[@placeholder='description']
17771 [Test worker] INFO  manager.ListenerWD -- After find element-->By.xpath: //input[@placeholder='description']
17775 [Test worker] INFO  manager.ListenerWD -- Location of element-->input
17783 [Test worker] INFO  manager.ListenerWD -- Before click element -->inputtext-->
17813 [Test worker] INFO  manager.ListenerWD -- After click element -->input
28068 [Test worker] INFO  manager.ListenerWD -- Before find element-->By.xpath: //b[text()='Save']
28079 [Test worker] INFO  manager.ListenerWD -- After find element-->By.xpath: //b[text()='Save']
28084 [Test worker] INFO  manager.ListenerWD -- Location of element-->b
28093 [Test worker] INFO  manager.ListenerWD -- Before click element -->btext-->Save
28123 [Test worker] INFO  manager.ListenerWD -- After click element -->b
28134 [Test worker] INFO  manager.ListenerWD -- Huston, we have a problem!
28134 [Test worker] INFO  manager.ListenerWD -- Failed method:alert
28134 [Test worker] INFO  manager.ListenerWD -- ***************
28134 [Test worker] INFO  manager.ListenerWD -- Arguments:null
28134 [Test worker] INFO  manager.ListenerWD -- ***************
28134 [Test worker] INFO  manager.ListenerWD -- Exception:NoAlertPresentException
28134 [Test worker] INFO  manager.ListenerWD -- ***************
28134 [Test worker] INFO  manager.ListenerWD -- Messageno such alert
  (Session info: chrome=148.0.7778.216)
Build info: version: '4.26.0', revision: '8ccf0219d7'
System info: os.name: 'Windows 11', os.arch: 'amd64', os.version: '10.0', java.version: '21.0.10'
Driver info: org.openqa.selenium.chrome.ChromeDriver
Command: [fb0ea402cd5bd0780774048813ff24e4, getAlertText {}]
Capabilities {acceptInsecureCerts: false, browserName: chrome, browserVersion: 148.0.7778.216, chrome: {chromedriverVersion: 148.0.7778.167 (65db666ac2c..., userDataDir: C:\Users\Pavlova\AppData\Lo...}, fedcm:accounts: true, goog:chromeOptions: {debuggerAddress: localhost:29256}, goog:processID: 2668, networkConnectionEnabled: false, pageLoadStrategy: normal, platformName: windows, proxy: Proxy(), se:cdp: ws://localhost:29256/devtoo..., se:cdpVersion: 148.0.7778.216, setWindowRect: true, strictFileInteractability: false, timeouts: {implicit: 0, pageLoad: 300000, script: 30000}, unhandledPromptBehavior: dismiss and notify, webauthn:extension:credBlob: true, webauthn:extension:largeBlob: true, webauthn:extension:minPinLength: true, webauthn:extension:prf: true, webauthn:virtualAuthenticators: true}
Session ID: fb0ea402cd5bd0780774048813ff24e4
28134 [Test worker] INFO  manager.ListenerWD -- ***************
28134 [Test worker] INFO  manager.ListenerWD -- ***************
28134 [Test worker] INFO  manager.ListenerWD -- Screen with error is--->src/test/screenshots/screen_1981.png
28661 [Test worker] INFO  tests.TestBase -- Assert check is alert present with error text 'Phone not valid: Phone number must contain only digits! And length min 10, max 15!'
28663 [Test worker] INFO  tests.TestBase -- ==============================================
28664 [Test worker] INFO  tests.TestBase -- Name of method (test) --->NegativePhoneContactTest1
28681 [Test worker] INFO  manager.ListenerWD -- Before find element-->By.xpath: //button[text()='Sign Out']
28693 [Test worker] INFO  manager.ListenerWD -- After find element-->By.xpath: //button[text()='Sign Out']
28698 [Test worker] INFO  manager.ListenerWD -- Location of element-->button
28707 [Test worker] INFO  manager.ListenerWD -- Before click element -->buttontext-->Sign Out
28751 [Test worker] INFO  tests.TestBase -- Before method finished logout
28756 [Test worker] INFO  tests.TestBase -- Start test with name 'NegativePhoneContactTest1
28756 [Test worker] INFO  tests.TestBase -- Contact Test data ---> name: 'Pavel, lastName: Lagodni, phone: 0, email: pavlova@gmail.com, address: Ein Gedi 28, & description: null'
28756 [Test worker] INFO  manager.ListenerWD -- Before find element-->By.cssSelector: a[href='/login']
28772 [Test worker] INFO  manager.ListenerWD -- After find element-->By.cssSelector: a[href='/login']
28776 [Test worker] INFO  manager.ListenerWD -- Location of element-->a
28783 [Test worker] INFO  manager.ListenerWD -- Before click element -->atext-->LOGIN
28814 [Test worker] INFO  manager.ListenerWD -- After click element -->a
28814 [Test worker] INFO  manager.ListenerWD -- Before find element-->By.name: email
28829 [Test worker] INFO  manager.ListenerWD -- After find element-->By.name: email
28833 [Test worker] INFO  manager.ListenerWD -- Location of element-->input
28842 [Test worker] INFO  manager.ListenerWD -- Before click element -->inputtext-->
28880 [Test worker] INFO  manager.ListenerWD -- After click element -->input
28898 [Test worker] INFO  manager.ListenerWD -- sendKeyds-->
28901 [Test worker] INFO  manager.ListenerWD -- sendKeyds_TagName-->input
28922 [Test worker] INFO  manager.ListenerWD -- Before find element-->By.xpath: //input[@placeholder='Password']
28934 [Test worker] INFO  manager.ListenerWD -- After find element-->By.xpath: //input[@placeholder='Password']
28938 [Test worker] INFO  manager.ListenerWD -- Location of element-->input
28946 [Test worker] INFO  manager.ListenerWD -- Before click element -->inputtext-->
28981 [Test worker] INFO  manager.ListenerWD -- After click element -->input
29000 [Test worker] INFO  manager.ListenerWD -- sendKeyds-->
29005 [Test worker] INFO  manager.ListenerWD -- sendKeyds_TagName-->input
29021 [Test worker] INFO  manager.ListenerWD -- Before find element-->By.xpath: //button[text()='Login']
29034 [Test worker] INFO  manager.ListenerWD -- After find element-->By.xpath: //button[text()='Login']
29037 [Test worker] INFO  manager.ListenerWD -- Location of element-->button
29045 [Test worker] INFO  manager.ListenerWD -- Before click element -->buttontext-->Login
29077 [Test worker] INFO  manager.ListenerWD -- Before find element-->By.xpath: //a[@href='/add']
29400 [Test worker] INFO  manager.ListenerWD -- After find element-->By.xpath: //a[@href='/add']
29404 [Test worker] INFO  manager.ListenerWD -- Location of element-->a
29412 [Test worker] INFO  manager.ListenerWD -- Before click element -->atext-->ADD
29444 [Test worker] INFO  manager.ListenerWD -- After click element -->a
29444 [Test worker] INFO  manager.ListenerWD -- Before find element-->By.xpath: //input[@placeholder='Name']
29457 [Test worker] INFO  manager.ListenerWD -- After find element-->By.xpath: //input[@placeholder='Name']
29460 [Test worker] INFO  manager.ListenerWD -- Location of element-->input
29467 [Test worker] INFO  manager.ListenerWD -- Before click element -->inputtext-->
29500 [Test worker] INFO  manager.ListenerWD -- After click element -->input
29520 [Test worker] INFO  manager.ListenerWD -- sendKeyds-->
29523 [Test worker] INFO  manager.ListenerWD -- sendKeyds_TagName-->input
29539 [Test worker] INFO  manager.ListenerWD -- Before find element-->By.xpath: //input[@placeholder='Last Name']
29550 [Test worker] INFO  manager.ListenerWD -- After find element-->By.xpath: //input[@placeholder='Last Name']
29556 [Test worker] INFO  manager.ListenerWD -- Location of element-->input
29563 [Test worker] INFO  manager.ListenerWD -- Before click element -->inputtext-->
29592 [Test worker] INFO  manager.ListenerWD -- After click element -->input
29616 [Test worker] INFO  manager.ListenerWD -- sendKeyds-->
29619 [Test worker] INFO  manager.ListenerWD -- sendKeyds_TagName-->input
29635 [Test worker] INFO  manager.ListenerWD -- Before find element-->By.xpath: //input[@placeholder='Phone']
29648 [Test worker] INFO  manager.ListenerWD -- After find element-->By.xpath: //input[@placeholder='Phone']
29651 [Test worker] INFO  manager.ListenerWD -- Location of element-->input
29659 [Test worker] INFO  manager.ListenerWD -- Before click element -->inputtext-->
29692 [Test worker] INFO  manager.ListenerWD -- After click element -->input
29710 [Test worker] INFO  manager.ListenerWD -- sendKeyds-->
29713 [Test worker] INFO  manager.ListenerWD -- sendKeyds_TagName-->input
29731 [Test worker] INFO  manager.ListenerWD -- Before find element-->By.xpath: //input[@placeholder='email']
29742 [Test worker] INFO  manager.ListenerWD -- After find element-->By.xpath: //input[@placeholder='email']
29746 [Test worker] INFO  manager.ListenerWD -- Location of element-->input
29753 [Test worker] INFO  manager.ListenerWD -- Before click element -->inputtext-->
29783 [Test worker] INFO  manager.ListenerWD -- After click element -->input
29802 [Test worker] INFO  manager.ListenerWD -- sendKeyds-->
29805 [Test worker] INFO  manager.ListenerWD -- sendKeyds_TagName-->input
29826 [Test worker] INFO  manager.ListenerWD -- Before find element-->By.xpath: //input[@placeholder='Address']
29837 [Test worker] INFO  manager.ListenerWD -- After find element-->By.xpath: //input[@placeholder='Address']
29840 [Test worker] INFO  manager.ListenerWD -- Location of element-->input
29848 [Test worker] INFO  manager.ListenerWD -- Before click element -->inputtext-->
29880 [Test worker] INFO  manager.ListenerWD -- After click element -->input
29898 [Test worker] INFO  manager.ListenerWD -- sendKeyds-->
29900 [Test worker] INFO  manager.ListenerWD -- sendKeyds_TagName-->input
29919 [Test worker] INFO  manager.ListenerWD -- Before find element-->By.xpath: //input[@placeholder='description']
29931 [Test worker] INFO  manager.ListenerWD -- After find element-->By.xpath: //input[@placeholder='description']
29935 [Test worker] INFO  manager.ListenerWD -- Location of element-->input
29941 [Test worker] INFO  manager.ListenerWD -- Before click element -->inputtext-->
29970 [Test worker] INFO  manager.ListenerWD -- After click element -->input
40203 [Test worker] INFO  manager.ListenerWD -- Before find element-->By.xpath: //b[text()='Save']
40215 [Test worker] INFO  manager.ListenerWD -- After find element-->By.xpath: //b[text()='Save']
40219 [Test worker] INFO  manager.ListenerWD -- Location of element-->b
40226 [Test worker] INFO  manager.ListenerWD -- Before click element -->btext-->Save
40254 [Test worker] INFO  manager.ListenerWD -- After click element -->b
40263 [Test worker] INFO  manager.ListenerWD -- Huston, we have a problem!
40263 [Test worker] INFO  manager.ListenerWD -- Failed method:alert
40263 [Test worker] INFO  manager.ListenerWD -- ***************
40263 [Test worker] INFO  manager.ListenerWD -- Arguments:null
40263 [Test worker] INFO  manager.ListenerWD -- ***************
40263 [Test worker] INFO  manager.ListenerWD -- Exception:NoAlertPresentException
40263 [Test worker] INFO  manager.ListenerWD -- ***************
40263 [Test worker] INFO  manager.ListenerWD -- Messageno such alert
  (Session info: chrome=148.0.7778.216)
Build info: version: '4.26.0', revision: '8ccf0219d7'
System info: os.name: 'Windows 11', os.arch: 'amd64', os.version: '10.0', java.version: '21.0.10'
Driver info: org.openqa.selenium.chrome.ChromeDriver
Command: [fb0ea402cd5bd0780774048813ff24e4, getAlertText {}]
Capabilities {acceptInsecureCerts: false, browserName: chrome, browserVersion: 148.0.7778.216, chrome: {chromedriverVersion: 148.0.7778.167 (65db666ac2c..., userDataDir: C:\Users\Pavlova\AppData\Lo...}, fedcm:accounts: true, goog:chromeOptions: {debuggerAddress: localhost:29256}, goog:processID: 2668, networkConnectionEnabled: false, pageLoadStrategy: normal, platformName: windows, proxy: Proxy(), se:cdp: ws://localhost:29256/devtoo..., se:cdpVersion: 148.0.7778.216, setWindowRect: true, strictFileInteractability: false, timeouts: {implicit: 0, pageLoad: 300000, script: 30000}, unhandledPromptBehavior: dismiss and notify, webauthn:extension:credBlob: true, webauthn:extension:largeBlob: true, webauthn:extension:minPinLength: true, webauthn:extension:prf: true, webauthn:virtualAuthenticators: true}
Session ID: fb0ea402cd5bd0780774048813ff24e4
40263 [Test worker] INFO  manager.ListenerWD -- ***************
40263 [Test worker] INFO  manager.ListenerWD -- ***************
40263 [Test worker] INFO  manager.ListenerWD -- Screen with error is--->src/test/screenshots/screen_1676.png
40792 [Test worker] INFO  tests.TestBase -- Assert check is alert present with error text 'Phone not valid: Phone number must contain only digits! And length min 10, max 15!'
40794 [Test worker] INFO  tests.TestBase -- ==============================================
40797 [Test worker] INFO  tests.TestBase -- Name of method (test) --->NegativePhoneContactTest1
40812 [Test worker] INFO  manager.ListenerWD -- Before find element-->By.xpath: //button[text()='Sign Out']
40824 [Test worker] INFO  manager.ListenerWD -- After find element-->By.xpath: //button[text()='Sign Out']
40827 [Test worker] INFO  manager.ListenerWD -- Location of element-->button
40834 [Test worker] INFO  manager.ListenerWD -- Before click element -->buttontext-->Sign Out
40877 [Test worker] INFO  tests.TestBase -- Before method finished logout
40880 [Test worker] INFO  tests.TestBase -- Start test with name 'NegativePhoneContactTest1
40880 [Test worker] INFO  tests.TestBase -- Contact Test data ---> name: 'Pavel, lastName: Lagodni, phone: 0, email: pavlova@gmail.com, address: Ein Gedi 28, & description: null'
40880 [Test worker] INFO  manager.ListenerWD -- Before find element-->By.cssSelector: a[href='/login']
40891 [Test worker] INFO  manager.ListenerWD -- After find element-->By.cssSelector: a[href='/login']
40894 [Test worker] INFO  manager.ListenerWD -- Location of element-->a
40902 [Test worker] INFO  manager.ListenerWD -- Before click element -->atext-->LOGIN
40931 [Test worker] INFO  manager.ListenerWD -- After click element -->a
40933 [Test worker] INFO  manager.ListenerWD -- Before find element-->By.name: email
40945 [Test worker] INFO  manager.ListenerWD -- After find element-->By.name: email
40949 [Test worker] INFO  manager.ListenerWD -- Location of element-->input
40957 [Test worker] INFO  manager.ListenerWD -- Before click element -->inputtext-->
40993 [Test worker] INFO  manager.ListenerWD -- After click element -->input
41011 [Test worker] INFO  manager.ListenerWD -- sendKeyds-->
41015 [Test worker] INFO  manager.ListenerWD -- sendKeyds_TagName-->input
41034 [Test worker] INFO  manager.ListenerWD -- Before find element-->By.xpath: //input[@placeholder='Password']
41046 [Test worker] INFO  manager.ListenerWD -- After find element-->By.xpath: //input[@placeholder='Password']
41050 [Test worker] INFO  manager.ListenerWD -- Location of element-->input
41056 [Test worker] INFO  manager.ListenerWD -- Before click element -->inputtext-->
41091 [Test worker] INFO  manager.ListenerWD -- After click element -->input
41111 [Test worker] INFO  manager.ListenerWD -- sendKeyds-->
41114 [Test worker] INFO  manager.ListenerWD -- sendKeyds_TagName-->input
41130 [Test worker] INFO  manager.ListenerWD -- Before find element-->By.xpath: //button[text()='Login']
41142 [Test worker] INFO  manager.ListenerWD -- After find element-->By.xpath: //button[text()='Login']
41146 [Test worker] INFO  manager.ListenerWD -- Location of element-->button
41153 [Test worker] INFO  manager.ListenerWD -- Before click element -->buttontext-->Login
41185 [Test worker] INFO  manager.ListenerWD -- Before find element-->By.xpath: //a[@href='/add']
41446 [Test worker] INFO  manager.ListenerWD -- After find element-->By.xpath: //a[@href='/add']
41449 [Test worker] INFO  manager.ListenerWD -- Location of element-->a
41457 [Test worker] INFO  manager.ListenerWD -- Before click element -->atext-->ADD
41491 [Test worker] INFO  manager.ListenerWD -- After click element -->a
41491 [Test worker] INFO  manager.ListenerWD -- Before find element-->By.xpath: //input[@placeholder='Name']
41502 [Test worker] INFO  manager.ListenerWD -- After find element-->By.xpath: //input[@placeholder='Name']
41506 [Test worker] INFO  manager.ListenerWD -- Location of element-->input
41514 [Test worker] INFO  manager.ListenerWD -- Before click element -->inputtext-->
41547 [Test worker] INFO  manager.ListenerWD -- After click element -->input
41565 [Test worker] INFO  manager.ListenerWD -- sendKeyds-->
41568 [Test worker] INFO  manager.ListenerWD -- sendKeyds_TagName-->input
41582 [Test worker] INFO  manager.ListenerWD -- Before find element-->By.xpath: //input[@placeholder='Last Name']
41594 [Test worker] INFO  manager.ListenerWD -- After find element-->By.xpath: //input[@placeholder='Last Name']
41598 [Test worker] INFO  manager.ListenerWD -- Location of element-->input
41606 [Test worker] INFO  manager.ListenerWD -- Before click element -->inputtext-->
41635 [Test worker] INFO  manager.ListenerWD -- After click element -->input
41653 [Test worker] INFO  manager.ListenerWD -- sendKeyds-->
41657 [Test worker] INFO  manager.ListenerWD -- sendKeyds_TagName-->input
41673 [Test worker] INFO  manager.ListenerWD -- Before find element-->By.xpath: //input[@placeholder='Phone']
41684 [Test worker] INFO  manager.ListenerWD -- After find element-->By.xpath: //input[@placeholder='Phone']
41688 [Test worker] INFO  manager.ListenerWD -- Location of element-->input
41697 [Test worker] INFO  manager.ListenerWD -- Before click element -->inputtext-->
41728 [Test worker] INFO  manager.ListenerWD -- After click element -->input
41744 [Test worker] INFO  manager.ListenerWD -- sendKeyds-->
41747 [Test worker] INFO  manager.ListenerWD -- sendKeyds_TagName-->input
41763 [Test worker] INFO  manager.ListenerWD -- Before find element-->By.xpath: //input[@placeholder='email']
41774 [Test worker] INFO  manager.ListenerWD -- After find element-->By.xpath: //input[@placeholder='email']
41778 [Test worker] INFO  manager.ListenerWD -- Location of element-->input
41784 [Test worker] INFO  manager.ListenerWD -- Before click element -->inputtext-->
41815 [Test worker] INFO  manager.ListenerWD -- After click element -->input
41833 [Test worker] INFO  manager.ListenerWD -- sendKeyds-->
41836 [Test worker] INFO  manager.ListenerWD -- sendKeyds_TagName-->input
41856 [Test worker] INFO  manager.ListenerWD -- Before find element-->By.xpath: //input[@placeholder='Address']
41867 [Test worker] INFO  manager.ListenerWD -- After find element-->By.xpath: //input[@placeholder='Address']
41870 [Test worker] INFO  manager.ListenerWD -- Location of element-->input
41878 [Test worker] INFO  manager.ListenerWD -- Before click element -->inputtext-->
41907 [Test worker] INFO  manager.ListenerWD -- After click element -->input
41923 [Test worker] INFO  manager.ListenerWD -- sendKeyds-->
41925 [Test worker] INFO  manager.ListenerWD -- sendKeyds_TagName-->input
41944 [Test worker] INFO  manager.ListenerWD -- Before find element-->By.xpath: //input[@placeholder='description']
41956 [Test worker] INFO  manager.ListenerWD -- After find element-->By.xpath: //input[@placeholder='description']
41959 [Test worker] INFO  manager.ListenerWD -- Location of element-->input
41966 [Test worker] INFO  manager.ListenerWD -- Before click element -->inputtext-->
41997 [Test worker] INFO  manager.ListenerWD -- After click element -->input
52229 [Test worker] INFO  manager.ListenerWD -- Before find element-->By.xpath: //b[text()='Save']
52244 [Test worker] INFO  manager.ListenerWD -- After find element-->By.xpath: //b[text()='Save']
52247 [Test worker] INFO  manager.ListenerWD -- Location of element-->b
52254 [Test worker] INFO  manager.ListenerWD -- Before click element -->btext-->Save
52281 [Test worker] INFO  manager.ListenerWD -- After click element -->b
52288 [Test worker] INFO  manager.ListenerWD -- Huston, we have a problem!
52288 [Test worker] INFO  manager.ListenerWD -- Failed method:alert
52288 [Test worker] INFO  manager.ListenerWD -- ***************
52288 [Test worker] INFO  manager.ListenerWD -- Arguments:null
52288 [Test worker] INFO  manager.ListenerWD -- ***************
52288 [Test worker] INFO  manager.ListenerWD -- Exception:NoAlertPresentException
52288 [Test worker] INFO  manager.ListenerWD -- ***************
52288 [Test worker] INFO  manager.ListenerWD -- Messageno such alert
  (Session info: chrome=148.0.7778.216)
Build info: version: '4.26.0', revision: '8ccf0219d7'
System info: os.name: 'Windows 11', os.arch: 'amd64', os.version: '10.0', java.version: '21.0.10'
Driver info: org.openqa.selenium.chrome.ChromeDriver
Command: [fb0ea402cd5bd0780774048813ff24e4, getAlertText {}]
Capabilities {acceptInsecureCerts: false, browserName: chrome, browserVersion: 148.0.7778.216, chrome: {chromedriverVersion: 148.0.7778.167 (65db666ac2c..., userDataDir: C:\Users\Pavlova\AppData\Lo...}, fedcm:accounts: true, goog:chromeOptions: {debuggerAddress: localhost:29256}, goog:processID: 2668, networkConnectionEnabled: false, pageLoadStrategy: normal, platformName: windows, proxy: Proxy(), se:cdp: ws://localhost:29256/devtoo..., se:cdpVersion: 148.0.7778.216, setWindowRect: true, strictFileInteractability: false, timeouts: {implicit: 0, pageLoad: 300000, script: 30000}, unhandledPromptBehavior: dismiss and notify, webauthn:extension:credBlob: true, webauthn:extension:largeBlob: true, webauthn:extension:minPinLength: true, webauthn:extension:prf: true, webauthn:virtualAuthenticators: true}
Session ID: fb0ea402cd5bd0780774048813ff24e4
52288 [Test worker] INFO  manager.ListenerWD -- ***************
52288 [Test worker] INFO  manager.ListenerWD -- ***************
52289 [Test worker] INFO  manager.ListenerWD -- Screen with error is--->src/test/screenshots/screen_1515.png
52820 [Test worker] INFO  tests.TestBase -- Assert check is alert present with error text 'Phone not valid: Phone number must contain only digits! And length min 10, max 15!'
52822 [Test worker] INFO  tests.TestBase -- ==============================================
52825 [Test worker] INFO  tests.TestBase -- Name of method (test) --->NegativePhoneContactTest2
52839 [Test worker] INFO  manager.ListenerWD -- Before find element-->By.xpath: //button[text()='Sign Out']
52850 [Test worker] INFO  manager.ListenerWD -- After find element-->By.xpath: //button[text()='Sign Out']
52853 [Test worker] INFO  manager.ListenerWD -- Location of element-->button
52862 [Test worker] INFO  manager.ListenerWD -- Before click element -->buttontext-->Sign Out
52902 [Test worker] INFO  tests.TestBase -- Before method finished logout
52905 [Test worker] INFO  tests.TestBase -- Start test with name 'NegativePhoneContactTest2
52905 [Test worker] INFO  tests.TestBase -- Contact Test data ---> name: 'Pavel, lastName: Lagodni, phone: #######, email: pavlova@gmail.com, address: Ein Gedi 28, & description: null'
52905 [Test worker] INFO  manager.ListenerWD -- Before find element-->By.cssSelector: a[href='/login']
52917 [Test worker] INFO  manager.ListenerWD -- After find element-->By.cssSelector: a[href='/login']
52920 [Test worker] INFO  manager.ListenerWD -- Location of element-->a
52930 [Test worker] INFO  manager.ListenerWD -- Before click element -->atext-->LOGIN
52960 [Test worker] INFO  manager.ListenerWD -- After click element -->a
52960 [Test worker] INFO  manager.ListenerWD -- Before find element-->By.name: email
52971 [Test worker] INFO  manager.ListenerWD -- After find element-->By.name: email
52974 [Test worker] INFO  manager.ListenerWD -- Location of element-->input
52982 [Test worker] INFO  manager.ListenerWD -- Before click element -->inputtext-->
53018 [Test worker] INFO  manager.ListenerWD -- After click element -->input
53037 [Test worker] INFO  manager.ListenerWD -- sendKeyds-->
53039 [Test worker] INFO  manager.ListenerWD -- sendKeyds_TagName-->input
53060 [Test worker] INFO  manager.ListenerWD -- Before find element-->By.xpath: //input[@placeholder='Password']
53071 [Test worker] INFO  manager.ListenerWD -- After find element-->By.xpath: //input[@placeholder='Password']
53074 [Test worker] INFO  manager.ListenerWD -- Location of element-->input
53081 [Test worker] INFO  manager.ListenerWD -- Before click element -->inputtext-->
53116 [Test worker] INFO  manager.ListenerWD -- After click element -->input
53136 [Test worker] INFO  manager.ListenerWD -- sendKeyds-->
53138 [Test worker] INFO  manager.ListenerWD -- sendKeyds_TagName-->input
53156 [Test worker] INFO  manager.ListenerWD -- Before find element-->By.xpath: //button[text()='Login']
53167 [Test worker] INFO  manager.ListenerWD -- After find element-->By.xpath: //button[text()='Login']
53170 [Test worker] INFO  manager.ListenerWD -- Location of element-->button
53177 [Test worker] INFO  manager.ListenerWD -- Before click element -->buttontext-->Login
53209 [Test worker] INFO  manager.ListenerWD -- Before find element-->By.xpath: //a[@href='/add']
53538 [Test worker] INFO  manager.ListenerWD -- After find element-->By.xpath: //a[@href='/add']
53542 [Test worker] INFO  manager.ListenerWD -- Location of element-->a
53549 [Test worker] INFO  manager.ListenerWD -- Before click element -->atext-->ADD
53580 [Test worker] INFO  manager.ListenerWD -- After click element -->a
53580 [Test worker] INFO  manager.ListenerWD -- Before find element-->By.xpath: //input[@placeholder='Name']
53593 [Test worker] INFO  manager.ListenerWD -- After find element-->By.xpath: //input[@placeholder='Name']
53596 [Test worker] INFO  manager.ListenerWD -- Location of element-->input
53603 [Test worker] INFO  manager.ListenerWD -- Before click element -->inputtext-->
53634 [Test worker] INFO  manager.ListenerWD -- After click element -->input
53652 [Test worker] INFO  manager.ListenerWD -- sendKeyds-->
53654 [Test worker] INFO  manager.ListenerWD -- sendKeyds_TagName-->input
53669 [Test worker] INFO  manager.ListenerWD -- Before find element-->By.xpath: //input[@placeholder='Last Name']
53681 [Test worker] INFO  manager.ListenerWD -- After find element-->By.xpath: //input[@placeholder='Last Name']
53684 [Test worker] INFO  manager.ListenerWD -- Location of element-->input
53692 [Test worker] INFO  manager.ListenerWD -- Before click element -->inputtext-->
53725 [Test worker] INFO  manager.ListenerWD -- After click element -->input
53745 [Test worker] INFO  manager.ListenerWD -- sendKeyds-->
53747 [Test worker] INFO  manager.ListenerWD -- sendKeyds_TagName-->input
53762 [Test worker] INFO  manager.ListenerWD -- Before find element-->By.xpath: //input[@placeholder='Phone']
53773 [Test worker] INFO  manager.ListenerWD -- After find element-->By.xpath: //input[@placeholder='Phone']
53776 [Test worker] INFO  manager.ListenerWD -- Location of element-->input
53783 [Test worker] INFO  manager.ListenerWD -- Before click element -->inputtext-->
53812 [Test worker] INFO  manager.ListenerWD -- After click element -->input
53829 [Test worker] INFO  manager.ListenerWD -- sendKeyds-->
53832 [Test worker] INFO  manager.ListenerWD -- sendKeyds_TagName-->input
53844 [Test worker] INFO  manager.ListenerWD -- Before find element-->By.xpath: //input[@placeholder='email']
53857 [Test worker] INFO  manager.ListenerWD -- After find element-->By.xpath: //input[@placeholder='email']
53860 [Test worker] INFO  manager.ListenerWD -- Location of element-->input
53867 [Test worker] INFO  manager.ListenerWD -- Before click element -->inputtext-->
53898 [Test worker] INFO  manager.ListenerWD -- After click element -->input
53914 [Test worker] INFO  manager.ListenerWD -- sendKeyds-->
53917 [Test worker] INFO  manager.ListenerWD -- sendKeyds_TagName-->input
53934 [Test worker] INFO  manager.ListenerWD -- Before find element-->By.xpath: //input[@placeholder='Address']
53946 [Test worker] INFO  manager.ListenerWD -- After find element-->By.xpath: //input[@placeholder='Address']
53949 [Test worker] INFO  manager.ListenerWD -- Location of element-->input
53957 [Test worker] INFO  manager.ListenerWD -- Before click element -->inputtext-->
53988 [Test worker] INFO  manager.ListenerWD -- After click element -->input
54006 [Test worker] INFO  manager.ListenerWD -- sendKeyds-->
54009 [Test worker] INFO  manager.ListenerWD -- sendKeyds_TagName-->input
54026 [Test worker] INFO  manager.ListenerWD -- Before find element-->By.xpath: //input[@placeholder='description']
54037 [Test worker] INFO  manager.ListenerWD -- After find element-->By.xpath: //input[@placeholder='description']
54040 [Test worker] INFO  manager.ListenerWD -- Location of element-->input
54048 [Test worker] INFO  manager.ListenerWD -- Before click element -->inputtext-->
54076 [Test worker] INFO  manager.ListenerWD -- After click element -->input
54090 [Test worker] INFO  manager.ListenerWD -- Before find element-->By.xpath: //b[text()='Save']
54101 [Test worker] INFO  manager.ListenerWD -- After find element-->By.xpath: //b[text()='Save']
54104 [Test worker] INFO  manager.ListenerWD -- Location of element-->b
54114 [Test worker] INFO  manager.ListenerWD -- Before click element -->btext-->Save
54144 [Test worker] INFO  manager.ListenerWD -- After click element -->b
54152 [Test worker] INFO  manager.ListenerWD -- Huston, we have a problem!
54152 [Test worker] INFO  manager.ListenerWD -- Failed method:alert
54152 [Test worker] INFO  manager.ListenerWD -- ***************
54152 [Test worker] INFO  manager.ListenerWD -- Arguments:null
54152 [Test worker] INFO  manager.ListenerWD -- ***************
54152 [Test worker] INFO  manager.ListenerWD -- Exception:NoAlertPresentException
54152 [Test worker] INFO  manager.ListenerWD -- ***************
54152 [Test worker] INFO  manager.ListenerWD -- Messageno such alert
  (Session info: chrome=148.0.7778.216)
Build info: version: '4.26.0', revision: '8ccf0219d7'
System info: os.name: 'Windows 11', os.arch: 'amd64', os.version: '10.0', java.version: '21.0.10'
Driver info: org.openqa.selenium.chrome.ChromeDriver
Command: [fb0ea402cd5bd0780774048813ff24e4, getAlertText {}]
Capabilities {acceptInsecureCerts: false, browserName: chrome, browserVersion: 148.0.7778.216, chrome: {chromedriverVersion: 148.0.7778.167 (65db666ac2c..., userDataDir: C:\Users\Pavlova\AppData\Lo...}, fedcm:accounts: true, goog:chromeOptions: {debuggerAddress: localhost:29256}, goog:processID: 2668, networkConnectionEnabled: false, pageLoadStrategy: normal, platformName: windows, proxy: Proxy(), se:cdp: ws://localhost:29256/devtoo..., se:cdpVersion: 148.0.7778.216, setWindowRect: true, strictFileInteractability: false, timeouts: {implicit: 0, pageLoad: 300000, script: 30000}, unhandledPromptBehavior: dismiss and notify, webauthn:extension:credBlob: true, webauthn:extension:largeBlob: true, webauthn:extension:minPinLength: true, webauthn:extension:prf: true, webauthn:virtualAuthenticators: true}
Session ID: fb0ea402cd5bd0780774048813ff24e4
54152 [Test worker] INFO  manager.ListenerWD -- ***************
54152 [Test worker] INFO  manager.ListenerWD -- ***************
54152 [Test worker] INFO  manager.ListenerWD -- Screen with error is--->src/test/screenshots/screen_1815.png
54681 [Test worker] INFO  tests.TestBase -- Assert check is alert present with error text  'Phone not valid: Phone number must contain only digits! And length min 10, max 15!'
54684 [Test worker] INFO  tests.TestBase -- ==============================================
54687 [Test worker] INFO  tests.TestBase -- Name of method (test) --->NegativePhoneContactTest2
54700 [Test worker] INFO  manager.ListenerWD -- Before find element-->By.xpath: //button[text()='Sign Out']
54710 [Test worker] INFO  manager.ListenerWD -- After find element-->By.xpath: //button[text()='Sign Out']
54714 [Test worker] INFO  manager.ListenerWD -- Location of element-->button
54722 [Test worker] INFO  manager.ListenerWD -- Before click element -->buttontext-->Sign Out
54760 [Test worker] INFO  tests.TestBase -- Before method finished logout
54761 [Test worker] INFO  tests.TestBase -- Start test with name 'NegativePhoneContactTest2
54761 [Test worker] INFO  tests.TestBase -- Contact Test data ---> name: 'Pavel, lastName: Lagodni, phone: #######, email: pavlova@gmail.com, address: Ein Gedi 28, & description: null'
54761 [Test worker] INFO  manager.ListenerWD -- Before find element-->By.cssSelector: a[href='/login']
54773 [Test worker] INFO  manager.ListenerWD -- After find element-->By.cssSelector: a[href='/login']
54777 [Test worker] INFO  manager.ListenerWD -- Location of element-->a
54783 [Test worker] INFO  manager.ListenerWD -- Before click element -->atext-->LOGIN
54812 [Test worker] INFO  manager.ListenerWD -- After click element -->a
54812 [Test worker] INFO  manager.ListenerWD -- Before find element-->By.name: email
54823 [Test worker] INFO  manager.ListenerWD -- After find element-->By.name: email
54826 [Test worker] INFO  manager.ListenerWD -- Location of element-->input
54833 [Test worker] INFO  manager.ListenerWD -- Before click element -->inputtext-->
54869 [Test worker] INFO  manager.ListenerWD -- After click element -->input
54888 [Test worker] INFO  manager.ListenerWD -- sendKeyds-->
54891 [Test worker] INFO  manager.ListenerWD -- sendKeyds_TagName-->input
54911 [Test worker] INFO  manager.ListenerWD -- Before find element-->By.xpath: //input[@placeholder='Password']
54921 [Test worker] INFO  manager.ListenerWD -- After find element-->By.xpath: //input[@placeholder='Password']
54925 [Test worker] INFO  manager.ListenerWD -- Location of element-->input
54932 [Test worker] INFO  manager.ListenerWD -- Before click element -->inputtext-->
54966 [Test worker] INFO  manager.ListenerWD -- After click element -->input
54984 [Test worker] INFO  manager.ListenerWD -- sendKeyds-->
54987 [Test worker] INFO  manager.ListenerWD -- sendKeyds_TagName-->input
55006 [Test worker] INFO  manager.ListenerWD -- Before find element-->By.xpath: //button[text()='Login']
55016 [Test worker] INFO  manager.ListenerWD -- After find element-->By.xpath: //button[text()='Login']
55019 [Test worker] INFO  manager.ListenerWD -- Location of element-->button
55026 [Test worker] INFO  manager.ListenerWD -- Before click element -->buttontext-->Login
55059 [Test worker] INFO  manager.ListenerWD -- Before find element-->By.xpath: //a[@href='/add']
55382 [Test worker] INFO  manager.ListenerWD -- After find element-->By.xpath: //a[@href='/add']
55384 [Test worker] INFO  manager.ListenerWD -- Location of element-->a
55392 [Test worker] INFO  manager.ListenerWD -- Before click element -->atext-->ADD
55423 [Test worker] INFO  manager.ListenerWD -- After click element -->a
55423 [Test worker] INFO  manager.ListenerWD -- Before find element-->By.xpath: //input[@placeholder='Name']
55435 [Test worker] INFO  manager.ListenerWD -- After find element-->By.xpath: //input[@placeholder='Name']
55437 [Test worker] INFO  manager.ListenerWD -- Location of element-->input
55445 [Test worker] INFO  manager.ListenerWD -- Before click element -->inputtext-->
55475 [Test worker] INFO  manager.ListenerWD -- After click element -->input
55492 [Test worker] INFO  manager.ListenerWD -- sendKeyds-->
55495 [Test worker] INFO  manager.ListenerWD -- sendKeyds_TagName-->input
55509 [Test worker] INFO  manager.ListenerWD -- Before find element-->By.xpath: //input[@placeholder='Last Name']
55520 [Test worker] INFO  manager.ListenerWD -- After find element-->By.xpath: //input[@placeholder='Last Name']
55524 [Test worker] INFO  manager.ListenerWD -- Location of element-->input
55531 [Test worker] INFO  manager.ListenerWD -- Before click element -->inputtext-->
55560 [Test worker] INFO  manager.ListenerWD -- After click element -->input
55580 [Test worker] INFO  manager.ListenerWD -- sendKeyds-->
55583 [Test worker] INFO  manager.ListenerWD -- sendKeyds_TagName-->input
55597 [Test worker] INFO  manager.ListenerWD -- Before find element-->By.xpath: //input[@placeholder='Phone']
55609 [Test worker] INFO  manager.ListenerWD -- After find element-->By.xpath: //input[@placeholder='Phone']
55612 [Test worker] INFO  manager.ListenerWD -- Location of element-->input
55619 [Test worker] INFO  manager.ListenerWD -- Before click element -->inputtext-->
55648 [Test worker] INFO  manager.ListenerWD -- After click element -->input
55665 [Test worker] INFO  manager.ListenerWD -- sendKeyds-->
55668 [Test worker] INFO  manager.ListenerWD -- sendKeyds_TagName-->input
55683 [Test worker] INFO  manager.ListenerWD -- Before find element-->By.xpath: //input[@placeholder='email']
55696 [Test worker] INFO  manager.ListenerWD -- After find element-->By.xpath: //input[@placeholder='email']
55699 [Test worker] INFO  manager.ListenerWD -- Location of element-->input
55708 [Test worker] INFO  manager.ListenerWD -- Before click element -->inputtext-->
55740 [Test worker] INFO  manager.ListenerWD -- After click element -->input
55757 [Test worker] INFO  manager.ListenerWD -- sendKeyds-->
55759 [Test worker] INFO  manager.ListenerWD -- sendKeyds_TagName-->input
55777 [Test worker] INFO  manager.ListenerWD -- Before find element-->By.xpath: //input[@placeholder='Address']
55789 [Test worker] INFO  manager.ListenerWD -- After find element-->By.xpath: //input[@placeholder='Address']
55791 [Test worker] INFO  manager.ListenerWD -- Location of element-->input
55797 [Test worker] INFO  manager.ListenerWD -- Before click element -->inputtext-->
55828 [Test worker] INFO  manager.ListenerWD -- After click element -->input
55845 [Test worker] INFO  manager.ListenerWD -- sendKeyds-->
55848 [Test worker] INFO  manager.ListenerWD -- sendKeyds_TagName-->input
55865 [Test worker] INFO  manager.ListenerWD -- Before find element-->By.xpath: //input[@placeholder='description']
55875 [Test worker] INFO  manager.ListenerWD -- After find element-->By.xpath: //input[@placeholder='description']
55878 [Test worker] INFO  manager.ListenerWD -- Location of element-->input
55884 [Test worker] INFO  manager.ListenerWD -- Before click element -->inputtext-->
55914 [Test worker] INFO  manager.ListenerWD -- After click element -->input
55928 [Test worker] INFO  manager.ListenerWD -- Before find element-->By.xpath: //b[text()='Save']
55938 [Test worker] INFO  manager.ListenerWD -- After find element-->By.xpath: //b[text()='Save']
55941 [Test worker] INFO  manager.ListenerWD -- Location of element-->b
55947 [Test worker] INFO  manager.ListenerWD -- Before click element -->btext-->Save
55975 [Test worker] INFO  manager.ListenerWD -- After click element -->b
55981 [Test worker] INFO  manager.ListenerWD -- Huston, we have a problem!
55982 [Test worker] INFO  manager.ListenerWD -- Failed method:alert
55982 [Test worker] INFO  manager.ListenerWD -- ***************
55982 [Test worker] INFO  manager.ListenerWD -- Arguments:null
55982 [Test worker] INFO  manager.ListenerWD -- ***************
55982 [Test worker] INFO  manager.ListenerWD -- Exception:NoAlertPresentException
55982 [Test worker] INFO  manager.ListenerWD -- ***************
55982 [Test worker] INFO  manager.ListenerWD -- Messageno such alert
  (Session info: chrome=148.0.7778.216)
Build info: version: '4.26.0', revision: '8ccf0219d7'
System info: os.name: 'Windows 11', os.arch: 'amd64', os.version: '10.0', java.version: '21.0.10'
Driver info: org.openqa.selenium.chrome.ChromeDriver
Command: [fb0ea402cd5bd0780774048813ff24e4, getAlertText {}]
Capabilities {acceptInsecureCerts: false, browserName: chrome, browserVersion: 148.0.7778.216, chrome: {chromedriverVersion: 148.0.7778.167 (65db666ac2c..., userDataDir: C:\Users\Pavlova\AppData\Lo...}, fedcm:accounts: true, goog:chromeOptions: {debuggerAddress: localhost:29256}, goog:processID: 2668, networkConnectionEnabled: false, pageLoadStrategy: normal, platformName: windows, proxy: Proxy(), se:cdp: ws://localhost:29256/devtoo..., se:cdpVersion: 148.0.7778.216, setWindowRect: true, strictFileInteractability: false, timeouts: {implicit: 0, pageLoad: 300000, script: 30000}, unhandledPromptBehavior: dismiss and notify, webauthn:extension:credBlob: true, webauthn:extension:largeBlob: true, webauthn:extension:minPinLength: true, webauthn:extension:prf: true, webauthn:virtualAuthenticators: true}
Session ID: fb0ea402cd5bd0780774048813ff24e4
55982 [Test worker] INFO  manager.ListenerWD -- ***************
55982 [Test worker] INFO  manager.ListenerWD -- ***************
55982 [Test worker] INFO  manager.ListenerWD -- Screen with error is--->src/test/screenshots/screen_1336.png
56509 [Test worker] INFO  tests.TestBase -- Assert check is alert present with error text  'Phone not valid: Phone number must contain only digits! And length min 10, max 15!'
56512 [Test worker] INFO  tests.TestBase -- ==============================================
56514 [Test worker] INFO  tests.TestBase -- Name of method (test) --->NegativePhoneContactTest2
56530 [Test worker] INFO  manager.ListenerWD -- Before find element-->By.xpath: //button[text()='Sign Out']
56539 [Test worker] INFO  manager.ListenerWD -- After find element-->By.xpath: //button[text()='Sign Out']
56544 [Test worker] INFO  manager.ListenerWD -- Location of element-->button
56549 [Test worker] INFO  manager.ListenerWD -- Before click element -->buttontext-->Sign Out
56586 [Test worker] INFO  tests.TestBase -- Before method finished logout
56588 [Test worker] INFO  tests.TestBase -- Start test with name 'NegativePhoneContactTest2
56588 [Test worker] INFO  tests.TestBase -- Contact Test data ---> name: 'Pavel, lastName: Lagodni, phone: #######, email: pavlova@gmail.com, address: Ein Gedi 28, & description: null'
56589 [Test worker] INFO  manager.ListenerWD -- Before find element-->By.cssSelector: a[href='/login']
56600 [Test worker] INFO  manager.ListenerWD -- After find element-->By.cssSelector: a[href='/login']
56602 [Test worker] INFO  manager.ListenerWD -- Location of element-->a
56612 [Test worker] INFO  manager.ListenerWD -- Before click element -->atext-->LOGIN
56649 [Test worker] INFO  manager.ListenerWD -- After click element -->a
56649 [Test worker] INFO  manager.ListenerWD -- Before find element-->By.name: email
56663 [Test worker] INFO  manager.ListenerWD -- After find element-->By.name: email
56666 [Test worker] INFO  manager.ListenerWD -- Location of element-->input
56675 [Test worker] INFO  manager.ListenerWD -- Before click element -->inputtext-->
56713 [Test worker] INFO  manager.ListenerWD -- After click element -->input
56734 [Test worker] INFO  manager.ListenerWD -- sendKeyds-->
56737 [Test worker] INFO  manager.ListenerWD -- sendKeyds_TagName-->input
56758 [Test worker] INFO  manager.ListenerWD -- Before find element-->By.xpath: //input[@placeholder='Password']
56769 [Test worker] INFO  manager.ListenerWD -- After find element-->By.xpath: //input[@placeholder='Password']
56772 [Test worker] INFO  manager.ListenerWD -- Location of element-->input
56779 [Test worker] INFO  manager.ListenerWD -- Before click element -->inputtext-->
56814 [Test worker] INFO  manager.ListenerWD -- After click element -->input
56833 [Test worker] INFO  manager.ListenerWD -- sendKeyds-->
56835 [Test worker] INFO  manager.ListenerWD -- sendKeyds_TagName-->input
56853 [Test worker] INFO  manager.ListenerWD -- Before find element-->By.xpath: //button[text()='Login']
56865 [Test worker] INFO  manager.ListenerWD -- After find element-->By.xpath: //button[text()='Login']
56868 [Test worker] INFO  manager.ListenerWD -- Location of element-->button
56874 [Test worker] INFO  manager.ListenerWD -- Before click element -->buttontext-->Login
56909 [Test worker] INFO  manager.ListenerWD -- Before find element-->By.xpath: //a[@href='/add']
57175 [Test worker] INFO  manager.ListenerWD -- After find element-->By.xpath: //a[@href='/add']
57178 [Test worker] INFO  manager.ListenerWD -- Location of element-->a
57184 [Test worker] INFO  manager.ListenerWD -- Before click element -->atext-->ADD
57215 [Test worker] INFO  manager.ListenerWD -- After click element -->a
57215 [Test worker] INFO  manager.ListenerWD -- Before find element-->By.xpath: //input[@placeholder='Name']
57226 [Test worker] INFO  manager.ListenerWD -- After find element-->By.xpath: //input[@placeholder='Name']
57229 [Test worker] INFO  manager.ListenerWD -- Location of element-->input
57235 [Test worker] INFO  manager.ListenerWD -- Before click element -->inputtext-->
57264 [Test worker] INFO  manager.ListenerWD -- After click element -->input
57281 [Test worker] INFO  manager.ListenerWD -- sendKeyds-->
57283 [Test worker] INFO  manager.ListenerWD -- sendKeyds_TagName-->input
57297 [Test worker] INFO  manager.ListenerWD -- Before find element-->By.xpath: //input[@placeholder='Last Name']
57309 [Test worker] INFO  manager.ListenerWD -- After find element-->By.xpath: //input[@placeholder='Last Name']
57312 [Test worker] INFO  manager.ListenerWD -- Location of element-->input
57318 [Test worker] INFO  manager.ListenerWD -- Before click element -->inputtext-->
57347 [Test worker] INFO  manager.ListenerWD -- After click element -->input
57368 [Test worker] INFO  manager.ListenerWD -- sendKeyds-->
57370 [Test worker] INFO  manager.ListenerWD -- sendKeyds_TagName-->input
57384 [Test worker] INFO  manager.ListenerWD -- Before find element-->By.xpath: //input[@placeholder='Phone']
57394 [Test worker] INFO  manager.ListenerWD -- After find element-->By.xpath: //input[@placeholder='Phone']
57398 [Test worker] INFO  manager.ListenerWD -- Location of element-->input
57406 [Test worker] INFO  manager.ListenerWD -- Before click element -->inputtext-->
57438 [Test worker] INFO  manager.ListenerWD -- After click element -->input
57456 [Test worker] INFO  manager.ListenerWD -- sendKeyds-->
57459 [Test worker] INFO  manager.ListenerWD -- sendKeyds_TagName-->input
57474 [Test worker] INFO  manager.ListenerWD -- Before find element-->By.xpath: //input[@placeholder='email']
57485 [Test worker] INFO  manager.ListenerWD -- After find element-->By.xpath: //input[@placeholder='email']
57488 [Test worker] INFO  manager.ListenerWD -- Location of element-->input
57494 [Test worker] INFO  manager.ListenerWD -- Before click element -->inputtext-->
57526 [Test worker] INFO  manager.ListenerWD -- After click element -->input
57542 [Test worker] INFO  manager.ListenerWD -- sendKeyds-->
57544 [Test worker] INFO  manager.ListenerWD -- sendKeyds_TagName-->input
57564 [Test worker] INFO  manager.ListenerWD -- Before find element-->By.xpath: //input[@placeholder='Address']
57575 [Test worker] INFO  manager.ListenerWD -- After find element-->By.xpath: //input[@placeholder='Address']
57577 [Test worker] INFO  manager.ListenerWD -- Location of element-->input
57584 [Test worker] INFO  manager.ListenerWD -- Before click element -->inputtext-->
57613 [Test worker] INFO  manager.ListenerWD -- After click element -->input
57630 [Test worker] INFO  manager.ListenerWD -- sendKeyds-->
57632 [Test worker] INFO  manager.ListenerWD -- sendKeyds_TagName-->input
57650 [Test worker] INFO  manager.ListenerWD -- Before find element-->By.xpath: //input[@placeholder='description']
57660 [Test worker] INFO  manager.ListenerWD -- After find element-->By.xpath: //input[@placeholder='description']
57663 [Test worker] INFO  manager.ListenerWD -- Location of element-->input
57670 [Test worker] INFO  manager.ListenerWD -- Before click element -->inputtext-->
57699 [Test worker] INFO  manager.ListenerWD -- After click element -->input
57712 [Test worker] INFO  manager.ListenerWD -- Before find element-->By.xpath: //b[text()='Save']
57721 [Test worker] INFO  manager.ListenerWD -- After find element-->By.xpath: //b[text()='Save']
57724 [Test worker] INFO  manager.ListenerWD -- Location of element-->b
57731 [Test worker] INFO  manager.ListenerWD -- Before click element -->btext-->Save
57758 [Test worker] INFO  manager.ListenerWD -- After click element -->b
57764 [Test worker] INFO  manager.ListenerWD -- Huston, we have a problem!
57764 [Test worker] INFO  manager.ListenerWD -- Failed method:alert
57764 [Test worker] INFO  manager.ListenerWD -- ***************
57764 [Test worker] INFO  manager.ListenerWD -- Arguments:null
57764 [Test worker] INFO  manager.ListenerWD -- ***************
57764 [Test worker] INFO  manager.ListenerWD -- Exception:NoAlertPresentException
57764 [Test worker] INFO  manager.ListenerWD -- ***************
57764 [Test worker] INFO  manager.ListenerWD -- Messageno such alert
  (Session info: chrome=148.0.7778.216)
Build info: version: '4.26.0', revision: '8ccf0219d7'
System info: os.name: 'Windows 11', os.arch: 'amd64', os.version: '10.0', java.version: '21.0.10'
Driver info: org.openqa.selenium.chrome.ChromeDriver
Command: [fb0ea402cd5bd0780774048813ff24e4, getAlertText {}]
Capabilities {acceptInsecureCerts: false, browserName: chrome, browserVersion: 148.0.7778.216, chrome: {chromedriverVersion: 148.0.7778.167 (65db666ac2c..., userDataDir: C:\Users\Pavlova\AppData\Lo...}, fedcm:accounts: true, goog:chromeOptions: {debuggerAddress: localhost:29256}, goog:processID: 2668, networkConnectionEnabled: false, pageLoadStrategy: normal, platformName: windows, proxy: Proxy(), se:cdp: ws://localhost:29256/devtoo..., se:cdpVersion: 148.0.7778.216, setWindowRect: true, strictFileInteractability: false, timeouts: {implicit: 0, pageLoad: 300000, script: 30000}, unhandledPromptBehavior: dismiss and notify, webauthn:extension:credBlob: true, webauthn:extension:largeBlob: true, webauthn:extension:minPinLength: true, webauthn:extension:prf: true, webauthn:virtualAuthenticators: true}
Session ID: fb0ea402cd5bd0780774048813ff24e4
57764 [Test worker] INFO  manager.ListenerWD -- ***************
57764 [Test worker] INFO  manager.ListenerWD -- ***************
57764 [Test worker] INFO  manager.ListenerWD -- Screen with error is--->src/test/screenshots/screen_1790.png
58280 [Test worker] INFO  tests.TestBase -- Assert check is alert present with error text  'Phone not valid: Phone number must contain only digits! And length min 10, max 15!'
58282 [Test worker] INFO  tests.TestBase -- ==============================================
58284 [Test worker] INFO  tests.TestBase -- Name of method (test) --->NegativePhoneContactTest3
58296 [Test worker] INFO  manager.ListenerWD -- Before find element-->By.xpath: //button[text()='Sign Out']
58306 [Test worker] INFO  manager.ListenerWD -- After find element-->By.xpath: //button[text()='Sign Out']
58309 [Test worker] INFO  manager.ListenerWD -- Location of element-->button
58315 [Test worker] INFO  manager.ListenerWD -- Before click element -->buttontext-->Sign Out
58351 [Test worker] INFO  tests.TestBase -- Before method finished logout
58354 [Test worker] INFO  tests.TestBase -- Start test with name 'NegativePhoneContactTest3
58354 [Test worker] INFO  tests.TestBase -- Contact Test data ---> name: 'Pavel, lastName: Lagodni, phone: 0000000, email: pavlova@gmail.com, address: Ein Gedi 28, & description: null'
58354 [Test worker] INFO  manager.ListenerWD -- Before find element-->By.cssSelector: a[href='/login']
58366 [Test worker] INFO  manager.ListenerWD -- After find element-->By.cssSelector: a[href='/login']
58368 [Test worker] INFO  manager.ListenerWD -- Location of element-->a
58376 [Test worker] INFO  manager.ListenerWD -- Before click element -->atext-->LOGIN
58407 [Test worker] INFO  manager.ListenerWD -- After click element -->a
58407 [Test worker] INFO  manager.ListenerWD -- Before find element-->By.name: email
58418 [Test worker] INFO  manager.ListenerWD -- After find element-->By.name: email
58420 [Test worker] INFO  manager.ListenerWD -- Location of element-->input
58429 [Test worker] INFO  manager.ListenerWD -- Before click element -->inputtext-->
58465 [Test worker] INFO  manager.ListenerWD -- After click element -->input
58483 [Test worker] INFO  manager.ListenerWD -- sendKeyds-->
58487 [Test worker] INFO  manager.ListenerWD -- sendKeyds_TagName-->input
58505 [Test worker] INFO  manager.ListenerWD -- Before find element-->By.xpath: //input[@placeholder='Password']
58516 [Test worker] INFO  manager.ListenerWD -- After find element-->By.xpath: //input[@placeholder='Password']
58519 [Test worker] INFO  manager.ListenerWD -- Location of element-->input
58527 [Test worker] INFO  manager.ListenerWD -- Before click element -->inputtext-->
58559 [Test worker] INFO  manager.ListenerWD -- After click element -->input
58577 [Test worker] INFO  manager.ListenerWD -- sendKeyds-->
58579 [Test worker] INFO  manager.ListenerWD -- sendKeyds_TagName-->input
58595 [Test worker] INFO  manager.ListenerWD -- Before find element-->By.xpath: //button[text()='Login']
58605 [Test worker] INFO  manager.ListenerWD -- After find element-->By.xpath: //button[text()='Login']
58608 [Test worker] INFO  manager.ListenerWD -- Location of element-->button
58616 [Test worker] INFO  manager.ListenerWD -- Before click element -->buttontext-->Login
58646 [Test worker] INFO  manager.ListenerWD -- Before find element-->By.xpath: //a[@href='/add']
58906 [Test worker] INFO  manager.ListenerWD -- After find element-->By.xpath: //a[@href='/add']
58909 [Test worker] INFO  manager.ListenerWD -- Location of element-->a
58914 [Test worker] INFO  manager.ListenerWD -- Before click element -->atext-->ADD
58948 [Test worker] INFO  manager.ListenerWD -- After click element -->a
58948 [Test worker] INFO  manager.ListenerWD -- Before find element-->By.xpath: //input[@placeholder='Name']
58961 [Test worker] INFO  manager.ListenerWD -- After find element-->By.xpath: //input[@placeholder='Name']
58964 [Test worker] INFO  manager.ListenerWD -- Location of element-->input
58971 [Test worker] INFO  manager.ListenerWD -- Before click element -->inputtext-->
58999 [Test worker] INFO  manager.ListenerWD -- After click element -->input
59015 [Test worker] INFO  manager.ListenerWD -- sendKeyds-->
59017 [Test worker] INFO  manager.ListenerWD -- sendKeyds_TagName-->input
59031 [Test worker] INFO  manager.ListenerWD -- Before find element-->By.xpath: //input[@placeholder='Last Name']
59043 [Test worker] INFO  manager.ListenerWD -- After find element-->By.xpath: //input[@placeholder='Last Name']
59047 [Test worker] INFO  manager.ListenerWD -- Location of element-->input
59052 [Test worker] INFO  manager.ListenerWD -- Before click element -->inputtext-->
59081 [Test worker] INFO  manager.ListenerWD -- After click element -->input
59098 [Test worker] INFO  manager.ListenerWD -- sendKeyds-->
59100 [Test worker] INFO  manager.ListenerWD -- sendKeyds_TagName-->input
59115 [Test worker] INFO  manager.ListenerWD -- Before find element-->By.xpath: //input[@placeholder='Phone']
59127 [Test worker] INFO  manager.ListenerWD -- After find element-->By.xpath: //input[@placeholder='Phone']
59130 [Test worker] INFO  manager.ListenerWD -- Location of element-->input
59137 [Test worker] INFO  manager.ListenerWD -- Before click element -->inputtext-->
59166 [Test worker] INFO  manager.ListenerWD -- After click element -->input
59182 [Test worker] INFO  manager.ListenerWD -- sendKeyds-->
59184 [Test worker] INFO  manager.ListenerWD -- sendKeyds_TagName-->input
59197 [Test worker] INFO  manager.ListenerWD -- Before find element-->By.xpath: //input[@placeholder='email']
59209 [Test worker] INFO  manager.ListenerWD -- After find element-->By.xpath: //input[@placeholder='email']
59211 [Test worker] INFO  manager.ListenerWD -- Location of element-->input
59218 [Test worker] INFO  manager.ListenerWD -- Before click element -->inputtext-->
59248 [Test worker] INFO  manager.ListenerWD -- After click element -->input
59264 [Test worker] INFO  manager.ListenerWD -- sendKeyds-->
59266 [Test worker] INFO  manager.ListenerWD -- sendKeyds_TagName-->input
59285 [Test worker] INFO  manager.ListenerWD -- Before find element-->By.xpath: //input[@placeholder='Address']
59297 [Test worker] INFO  manager.ListenerWD -- After find element-->By.xpath: //input[@placeholder='Address']
59300 [Test worker] INFO  manager.ListenerWD -- Location of element-->input
59307 [Test worker] INFO  manager.ListenerWD -- Before click element -->inputtext-->
59336 [Test worker] INFO  manager.ListenerWD -- After click element -->input
59354 [Test worker] INFO  manager.ListenerWD -- sendKeyds-->
59356 [Test worker] INFO  manager.ListenerWD -- sendKeyds_TagName-->input
59373 [Test worker] INFO  manager.ListenerWD -- Before find element-->By.xpath: //input[@placeholder='description']
59384 [Test worker] INFO  manager.ListenerWD -- After find element-->By.xpath: //input[@placeholder='description']
59388 [Test worker] INFO  manager.ListenerWD -- Location of element-->input
59395 [Test worker] INFO  manager.ListenerWD -- Before click element -->inputtext-->
59425 [Test worker] INFO  manager.ListenerWD -- After click element -->input
59436 [Test worker] INFO  manager.ListenerWD -- Before find element-->By.xpath: //b[text()='Save']
59446 [Test worker] INFO  manager.ListenerWD -- After find element-->By.xpath: //b[text()='Save']
59449 [Test worker] INFO  manager.ListenerWD -- Location of element-->b
59454 [Test worker] INFO  manager.ListenerWD -- Before click element -->btext-->Save
59483 [Test worker] INFO  manager.ListenerWD -- After click element -->b
59488 [Test worker] INFO  manager.ListenerWD -- Huston, we have a problem!
59488 [Test worker] INFO  manager.ListenerWD -- Failed method:alert
59488 [Test worker] INFO  manager.ListenerWD -- ***************
59488 [Test worker] INFO  manager.ListenerWD -- Arguments:null
59488 [Test worker] INFO  manager.ListenerWD -- ***************
59488 [Test worker] INFO  manager.ListenerWD -- Exception:NoAlertPresentException
59488 [Test worker] INFO  manager.ListenerWD -- ***************
59488 [Test worker] INFO  manager.ListenerWD -- Messageno such alert
  (Session info: chrome=148.0.7778.216)
Build info: version: '4.26.0', revision: '8ccf0219d7'
System info: os.name: 'Windows 11', os.arch: 'amd64', os.version: '10.0', java.version: '21.0.10'
Driver info: org.openqa.selenium.chrome.ChromeDriver
Command: [fb0ea402cd5bd0780774048813ff24e4, getAlertText {}]
Capabilities {acceptInsecureCerts: false, browserName: chrome, browserVersion: 148.0.7778.216, chrome: {chromedriverVersion: 148.0.7778.167 (65db666ac2c..., userDataDir: C:\Users\Pavlova\AppData\Lo...}, fedcm:accounts: true, goog:chromeOptions: {debuggerAddress: localhost:29256}, goog:processID: 2668, networkConnectionEnabled: false, pageLoadStrategy: normal, platformName: windows, proxy: Proxy(), se:cdp: ws://localhost:29256/devtoo..., se:cdpVersion: 148.0.7778.216, setWindowRect: true, strictFileInteractability: false, timeouts: {implicit: 0, pageLoad: 300000, script: 30000}, unhandledPromptBehavior: dismiss and notify, webauthn:extension:credBlob: true, webauthn:extension:largeBlob: true, webauthn:extension:minPinLength: true, webauthn:extension:prf: true, webauthn:virtualAuthenticators: true}
Session ID: fb0ea402cd5bd0780774048813ff24e4
59488 [Test worker] INFO  manager.ListenerWD -- ***************
59488 [Test worker] INFO  manager.ListenerWD -- ***************
59488 [Test worker] INFO  manager.ListenerWD -- Screen with error is--->src/test/screenshots/screen_1880.png
60008 [Test worker] INFO  tests.TestBase -- Assert check is alert present with error text 'Phone not valid:Phone number must contain only digits! And length min 10, max 15!'
60010 [Test worker] INFO  tests.TestBase -- ==============================================
60012 [Test worker] INFO  tests.TestBase -- Name of method (test) --->NegativePhoneContactTest3
60023 [Test worker] INFO  manager.ListenerWD -- Before find element-->By.xpath: //button[text()='Sign Out']
60033 [Test worker] INFO  manager.ListenerWD -- After find element-->By.xpath: //button[text()='Sign Out']
60036 [Test worker] INFO  manager.ListenerWD -- Location of element-->button
60046 [Test worker] INFO  manager.ListenerWD -- Before click element -->buttontext-->Sign Out
60083 [Test worker] INFO  tests.TestBase -- Before method finished logout
60087 [Test worker] INFO  tests.TestBase -- Start test with name 'NegativePhoneContactTest3
60087 [Test worker] INFO  tests.TestBase -- Contact Test data ---> name: 'Pavel, lastName: Lagodni, phone: 0000000, email: pavlova@gmail.com, address: Ein Gedi 28, & description: null'
60087 [Test worker] INFO  manager.ListenerWD -- Before find element-->By.cssSelector: a[href='/login']
60100 [Test worker] INFO  manager.ListenerWD -- After find element-->By.cssSelector: a[href='/login']
60104 [Test worker] INFO  manager.ListenerWD -- Location of element-->a
60112 [Test worker] INFO  manager.ListenerWD -- Before click element -->atext-->LOGIN
60141 [Test worker] INFO  manager.ListenerWD -- After click element -->a
60143 [Test worker] INFO  manager.ListenerWD -- Before find element-->By.name: email
60152 [Test worker] INFO  manager.ListenerWD -- After find element-->By.name: email
60154 [Test worker] INFO  manager.ListenerWD -- Location of element-->input
60163 [Test worker] INFO  manager.ListenerWD -- Before click element -->inputtext-->
60196 [Test worker] INFO  manager.ListenerWD -- After click element -->input
60215 [Test worker] INFO  manager.ListenerWD -- sendKeyds-->
60217 [Test worker] INFO  manager.ListenerWD -- sendKeyds_TagName-->input
60236 [Test worker] INFO  manager.ListenerWD -- Before find element-->By.xpath: //input[@placeholder='Password']
60247 [Test worker] INFO  manager.ListenerWD -- After find element-->By.xpath: //input[@placeholder='Password']
60249 [Test worker] INFO  manager.ListenerWD -- Location of element-->input
60256 [Test worker] INFO  manager.ListenerWD -- Before click element -->inputtext-->
60288 [Test worker] INFO  manager.ListenerWD -- After click element -->input
60305 [Test worker] INFO  manager.ListenerWD -- sendKeyds-->
60307 [Test worker] INFO  manager.ListenerWD -- sendKeyds_TagName-->input
60323 [Test worker] INFO  manager.ListenerWD -- Before find element-->By.xpath: //button[text()='Login']
60333 [Test worker] INFO  manager.ListenerWD -- After find element-->By.xpath: //button[text()='Login']
60336 [Test worker] INFO  manager.ListenerWD -- Location of element-->button
60344 [Test worker] INFO  manager.ListenerWD -- Before click element -->buttontext-->Login
60375 [Test worker] INFO  manager.ListenerWD -- Before find element-->By.xpath: //a[@href='/add']
60632 [Test worker] INFO  manager.ListenerWD -- After find element-->By.xpath: //a[@href='/add']
60634 [Test worker] INFO  manager.ListenerWD -- Location of element-->a
60642 [Test worker] INFO  manager.ListenerWD -- Before click element -->atext-->ADD
60673 [Test worker] INFO  manager.ListenerWD -- After click element -->a
60673 [Test worker] INFO  manager.ListenerWD -- Before find element-->By.xpath: //input[@placeholder='Name']
60684 [Test worker] INFO  manager.ListenerWD -- After find element-->By.xpath: //input[@placeholder='Name']
60686 [Test worker] INFO  manager.ListenerWD -- Location of element-->input
60693 [Test worker] INFO  manager.ListenerWD -- Before click element -->inputtext-->
60721 [Test worker] INFO  manager.ListenerWD -- After click element -->input
60740 [Test worker] INFO  manager.ListenerWD -- sendKeyds-->
60742 [Test worker] INFO  manager.ListenerWD -- sendKeyds_TagName-->input
60757 [Test worker] INFO  manager.ListenerWD -- Before find element-->By.xpath: //input[@placeholder='Last Name']
60766 [Test worker] INFO  manager.ListenerWD -- After find element-->By.xpath: //input[@placeholder='Last Name']
60770 [Test worker] INFO  manager.ListenerWD -- Location of element-->input
60778 [Test worker] INFO  manager.ListenerWD -- Before click element -->inputtext-->
60808 [Test worker] INFO  manager.ListenerWD -- After click element -->input
60825 [Test worker] INFO  manager.ListenerWD -- sendKeyds-->
60828 [Test worker] INFO  manager.ListenerWD -- sendKeyds_TagName-->input
60841 [Test worker] INFO  manager.ListenerWD -- Before find element-->By.xpath: //input[@placeholder='Phone']
60851 [Test worker] INFO  manager.ListenerWD -- After find element-->By.xpath: //input[@placeholder='Phone']
60854 [Test worker] INFO  manager.ListenerWD -- Location of element-->input
60861 [Test worker] INFO  manager.ListenerWD -- Before click element -->inputtext-->
60889 [Test worker] INFO  manager.ListenerWD -- After click element -->input
60907 [Test worker] INFO  manager.ListenerWD -- sendKeyds-->
60909 [Test worker] INFO  manager.ListenerWD -- sendKeyds_TagName-->input
60924 [Test worker] INFO  manager.ListenerWD -- Before find element-->By.xpath: //input[@placeholder='email']
60934 [Test worker] INFO  manager.ListenerWD -- After find element-->By.xpath: //input[@placeholder='email']
60937 [Test worker] INFO  manager.ListenerWD -- Location of element-->input
60945 [Test worker] INFO  manager.ListenerWD -- Before click element -->inputtext-->
60974 [Test worker] INFO  manager.ListenerWD -- After click element -->input
60991 [Test worker] INFO  manager.ListenerWD -- sendKeyds-->
60994 [Test worker] INFO  manager.ListenerWD -- sendKeyds_TagName-->input
61011 [Test worker] INFO  manager.ListenerWD -- Before find element-->By.xpath: //input[@placeholder='Address']
61021 [Test worker] INFO  manager.ListenerWD -- After find element-->By.xpath: //input[@placeholder='Address']
61024 [Test worker] INFO  manager.ListenerWD -- Location of element-->input
61031 [Test worker] INFO  manager.ListenerWD -- Before click element -->inputtext-->
61059 [Test worker] INFO  manager.ListenerWD -- After click element -->input
61075 [Test worker] INFO  manager.ListenerWD -- sendKeyds-->
61079 [Test worker] INFO  manager.ListenerWD -- sendKeyds_TagName-->input
61094 [Test worker] INFO  manager.ListenerWD -- Before find element-->By.xpath: //input[@placeholder='description']
61105 [Test worker] INFO  manager.ListenerWD -- After find element-->By.xpath: //input[@placeholder='description']
61108 [Test worker] INFO  manager.ListenerWD -- Location of element-->input
61115 [Test worker] INFO  manager.ListenerWD -- Before click element -->inputtext-->
61145 [Test worker] INFO  manager.ListenerWD -- After click element -->input
61158 [Test worker] INFO  manager.ListenerWD -- Before find element-->By.xpath: //b[text()='Save']
61169 [Test worker] INFO  manager.ListenerWD -- After find element-->By.xpath: //b[text()='Save']
61171 [Test worker] INFO  manager.ListenerWD -- Location of element-->b
61178 [Test worker] INFO  manager.ListenerWD -- Before click element -->btext-->Save
61203 [Test worker] INFO  manager.ListenerWD -- After click element -->b
61211 [Test worker] INFO  manager.ListenerWD -- Huston, we have a problem!
61211 [Test worker] INFO  manager.ListenerWD -- Failed method:alert
61211 [Test worker] INFO  manager.ListenerWD -- ***************
61211 [Test worker] INFO  manager.ListenerWD -- Arguments:null
61211 [Test worker] INFO  manager.ListenerWD -- ***************
61211 [Test worker] INFO  manager.ListenerWD -- Exception:NoAlertPresentException
61211 [Test worker] INFO  manager.ListenerWD -- ***************
61211 [Test worker] INFO  manager.ListenerWD -- Messageno such alert
  (Session info: chrome=148.0.7778.216)
Build info: version: '4.26.0', revision: '8ccf0219d7'
System info: os.name: 'Windows 11', os.arch: 'amd64', os.version: '10.0', java.version: '21.0.10'
Driver info: org.openqa.selenium.chrome.ChromeDriver
Command: [fb0ea402cd5bd0780774048813ff24e4, getAlertText {}]
Capabilities {acceptInsecureCerts: false, browserName: chrome, browserVersion: 148.0.7778.216, chrome: {chromedriverVersion: 148.0.7778.167 (65db666ac2c..., userDataDir: C:\Users\Pavlova\AppData\Lo...}, fedcm:accounts: true, goog:chromeOptions: {debuggerAddress: localhost:29256}, goog:processID: 2668, networkConnectionEnabled: false, pageLoadStrategy: normal, platformName: windows, proxy: Proxy(), se:cdp: ws://localhost:29256/devtoo..., se:cdpVersion: 148.0.7778.216, setWindowRect: true, strictFileInteractability: false, timeouts: {implicit: 0, pageLoad: 300000, script: 30000}, unhandledPromptBehavior: dismiss and notify, webauthn:extension:credBlob: true, webauthn:extension:largeBlob: true, webauthn:extension:minPinLength: true, webauthn:extension:prf: true, webauthn:virtualAuthenticators: true}
Session ID: fb0ea402cd5bd0780774048813ff24e4
61211 [Test worker] INFO  manager.ListenerWD -- ***************
61211 [Test worker] INFO  manager.ListenerWD -- ***************
61211 [Test worker] INFO  manager.ListenerWD -- Screen with error is--->src/test/screenshots/screen_1742.png
61737 [Test worker] INFO  tests.TestBase -- Assert check is alert present with error text 'Phone not valid:Phone number must contain only digits! And length min 10, max 15!'
61739 [Test worker] INFO  tests.TestBase -- ==============================================
61741 [Test worker] INFO  tests.TestBase -- Name of method (test) --->NegativePhoneContactTest3
61753 [Test worker] INFO  manager.ListenerWD -- Before find element-->By.xpath: //button[text()='Sign Out']
61764 [Test worker] INFO  manager.ListenerWD -- After find element-->By.xpath: //button[text()='Sign Out']
61766 [Test worker] INFO  manager.ListenerWD -- Location of element-->button
61774 [Test worker] INFO  manager.ListenerWD -- Before click element -->buttontext-->Sign Out
61814 [Test worker] INFO  tests.TestBase -- Before method finished logout
61815 [Test worker] INFO  tests.TestBase -- Start test with name 'NegativePhoneContactTest3
61815 [Test worker] INFO  tests.TestBase -- Contact Test data ---> name: 'Pavel, lastName: Lagodni, phone: 0000000, email: pavlova@gmail.com, address: Ein Gedi 28, & description: null'
61815 [Test worker] INFO  manager.ListenerWD -- Before find element-->By.cssSelector: a[href='/login']
61826 [Test worker] INFO  manager.ListenerWD -- After find element-->By.cssSelector: a[href='/login']
61829 [Test worker] INFO  manager.ListenerWD -- Location of element-->a
61835 [Test worker] INFO  manager.ListenerWD -- Before click element -->atext-->LOGIN
61864 [Test worker] INFO  manager.ListenerWD -- After click element -->a
61864 [Test worker] INFO  manager.ListenerWD -- Before find element-->By.name: email
61873 [Test worker] INFO  manager.ListenerWD -- After find element-->By.name: email
61877 [Test worker] INFO  manager.ListenerWD -- Location of element-->input
61882 [Test worker] INFO  manager.ListenerWD -- Before click element -->inputtext-->
61917 [Test worker] INFO  manager.ListenerWD -- After click element -->input
61935 [Test worker] INFO  manager.ListenerWD -- sendKeyds-->
61938 [Test worker] INFO  manager.ListenerWD -- sendKeyds_TagName-->input
61958 [Test worker] INFO  manager.ListenerWD -- Before find element-->By.xpath: //input[@placeholder='Password']
61967 [Test worker] INFO  manager.ListenerWD -- After find element-->By.xpath: //input[@placeholder='Password']
61970 [Test worker] INFO  manager.ListenerWD -- Location of element-->input
61977 [Test worker] INFO  manager.ListenerWD -- Before click element -->inputtext-->
62009 [Test worker] INFO  manager.ListenerWD -- After click element -->input
62026 [Test worker] INFO  manager.ListenerWD -- sendKeyds-->
62028 [Test worker] INFO  manager.ListenerWD -- sendKeyds_TagName-->input
62043 [Test worker] INFO  manager.ListenerWD -- Before find element-->By.xpath: //button[text()='Login']
62054 [Test worker] INFO  manager.ListenerWD -- After find element-->By.xpath: //button[text()='Login']
62057 [Test worker] INFO  manager.ListenerWD -- Location of element-->button
62064 [Test worker] INFO  manager.ListenerWD -- Before click element -->buttontext-->Login
62094 [Test worker] INFO  manager.ListenerWD -- Before find element-->By.xpath: //a[@href='/add']
62422 [Test worker] INFO  manager.ListenerWD -- After find element-->By.xpath: //a[@href='/add']
62426 [Test worker] INFO  manager.ListenerWD -- Location of element-->a
62433 [Test worker] INFO  manager.ListenerWD -- Before click element -->atext-->ADD
62462 [Test worker] INFO  manager.ListenerWD -- After click element -->a
62462 [Test worker] INFO  manager.ListenerWD -- Before find element-->By.xpath: //input[@placeholder='Name']
62473 [Test worker] INFO  manager.ListenerWD -- After find element-->By.xpath: //input[@placeholder='Name']
62476 [Test worker] INFO  manager.ListenerWD -- Location of element-->input
62483 [Test worker] INFO  manager.ListenerWD -- Before click element -->inputtext-->
62511 [Test worker] INFO  manager.ListenerWD -- After click element -->input
62528 [Test worker] INFO  manager.ListenerWD -- sendKeyds-->
62530 [Test worker] INFO  manager.ListenerWD -- sendKeyds_TagName-->input
62544 [Test worker] INFO  manager.ListenerWD -- Before find element-->By.xpath: //input[@placeholder='Last Name']
62554 [Test worker] INFO  manager.ListenerWD -- After find element-->By.xpath: //input[@placeholder='Last Name']
62557 [Test worker] INFO  manager.ListenerWD -- Location of element-->input
62564 [Test worker] INFO  manager.ListenerWD -- Before click element -->inputtext-->
62593 [Test worker] INFO  manager.ListenerWD -- After click element -->input
62610 [Test worker] INFO  manager.ListenerWD -- sendKeyds-->
62612 [Test worker] INFO  manager.ListenerWD -- sendKeyds_TagName-->input
62625 [Test worker] INFO  manager.ListenerWD -- Before find element-->By.xpath: //input[@placeholder='Phone']
62636 [Test worker] INFO  manager.ListenerWD -- After find element-->By.xpath: //input[@placeholder='Phone']
62640 [Test worker] INFO  manager.ListenerWD -- Location of element-->input
62649 [Test worker] INFO  manager.ListenerWD -- Before click element -->inputtext-->
62679 [Test worker] INFO  manager.ListenerWD -- After click element -->input
62694 [Test worker] INFO  manager.ListenerWD -- sendKeyds-->
62698 [Test worker] INFO  manager.ListenerWD -- sendKeyds_TagName-->input
62711 [Test worker] INFO  manager.ListenerWD -- Before find element-->By.xpath: //input[@placeholder='email']
62721 [Test worker] INFO  manager.ListenerWD -- After find element-->By.xpath: //input[@placeholder='email']
62726 [Test worker] INFO  manager.ListenerWD -- Location of element-->input
62732 [Test worker] INFO  manager.ListenerWD -- Before click element -->inputtext-->
62760 [Test worker] INFO  manager.ListenerWD -- After click element -->input
62776 [Test worker] INFO  manager.ListenerWD -- sendKeyds-->
62779 [Test worker] INFO  manager.ListenerWD -- sendKeyds_TagName-->input
62796 [Test worker] INFO  manager.ListenerWD -- Before find element-->By.xpath: //input[@placeholder='Address']
62805 [Test worker] INFO  manager.ListenerWD -- After find element-->By.xpath: //input[@placeholder='Address']
62808 [Test worker] INFO  manager.ListenerWD -- Location of element-->input
62814 [Test worker] INFO  manager.ListenerWD -- Before click element -->inputtext-->
62842 [Test worker] INFO  manager.ListenerWD -- After click element -->input
62859 [Test worker] INFO  manager.ListenerWD -- sendKeyds-->
62861 [Test worker] INFO  manager.ListenerWD -- sendKeyds_TagName-->input
62878 [Test worker] INFO  manager.ListenerWD -- Before find element-->By.xpath: //input[@placeholder='description']
62888 [Test worker] INFO  manager.ListenerWD -- After find element-->By.xpath: //input[@placeholder='description']
62892 [Test worker] INFO  manager.ListenerWD -- Location of element-->input
62900 [Test worker] INFO  manager.ListenerWD -- Before click element -->inputtext-->
62929 [Test worker] INFO  manager.ListenerWD -- After click element -->input
62941 [Test worker] INFO  manager.ListenerWD -- Before find element-->By.xpath: //b[text()='Save']
62951 [Test worker] INFO  manager.ListenerWD -- After find element-->By.xpath: //b[text()='Save']
62953 [Test worker] INFO  manager.ListenerWD -- Location of element-->b
62960 [Test worker] INFO  manager.ListenerWD -- Before click element -->btext-->Save
62986 [Test worker] INFO  manager.ListenerWD -- After click element -->b
62992 [Test worker] INFO  manager.ListenerWD -- Huston, we have a problem!
62992 [Test worker] INFO  manager.ListenerWD -- Failed method:alert
62992 [Test worker] INFO  manager.ListenerWD -- ***************
62992 [Test worker] INFO  manager.ListenerWD -- Arguments:null
62992 [Test worker] INFO  manager.ListenerWD -- ***************
62992 [Test worker] INFO  manager.ListenerWD -- Exception:NoAlertPresentException
62992 [Test worker] INFO  manager.ListenerWD -- ***************
62992 [Test worker] INFO  manager.ListenerWD -- Messageno such alert
  (Session info: chrome=148.0.7778.216)
Build info: version: '4.26.0', revision: '8ccf0219d7'
System info: os.name: 'Windows 11', os.arch: 'amd64', os.version: '10.0', java.version: '21.0.10'
Driver info: org.openqa.selenium.chrome.ChromeDriver
Command: [fb0ea402cd5bd0780774048813ff24e4, getAlertText {}]
Capabilities {acceptInsecureCerts: false, browserName: chrome, browserVersion: 148.0.7778.216, chrome: {chromedriverVersion: 148.0.7778.167 (65db666ac2c..., userDataDir: C:\Users\Pavlova\AppData\Lo...}, fedcm:accounts: true, goog:chromeOptions: {debuggerAddress: localhost:29256}, goog:processID: 2668, networkConnectionEnabled: false, pageLoadStrategy: normal, platformName: windows, proxy: Proxy(), se:cdp: ws://localhost:29256/devtoo..., se:cdpVersion: 148.0.7778.216, setWindowRect: true, strictFileInteractability: false, timeouts: {implicit: 0, pageLoad: 300000, script: 30000}, unhandledPromptBehavior: dismiss and notify, webauthn:extension:credBlob: true, webauthn:extension:largeBlob: true, webauthn:extension:minPinLength: true, webauthn:extension:prf: true, webauthn:virtualAuthenticators: true}
Session ID: fb0ea402cd5bd0780774048813ff24e4
62992 [Test worker] INFO  manager.ListenerWD -- ***************
62992 [Test worker] INFO  manager.ListenerWD -- ***************
62992 [Test worker] INFO  manager.ListenerWD -- Screen with error is--->src/test/screenshots/screen_1783.png
63513 [Test worker] INFO  tests.TestBase -- Assert check is alert present with error text 'Phone not valid:Phone number must contain only digits! And length min 10, max 15!'
63515 [Test worker] INFO  tests.TestBase -- ==============================================
63518 [Test worker] INFO  tests.TestBase -- Name of method (test) --->PositiveContactTest
63531 [Test worker] INFO  manager.ListenerWD -- Before find element-->By.xpath: //button[text()='Sign Out']
63540 [Test worker] INFO  manager.ListenerWD -- After find element-->By.xpath: //button[text()='Sign Out']
63544 [Test worker] INFO  manager.ListenerWD -- Location of element-->button
63552 [Test worker] INFO  manager.ListenerWD -- Before click element -->buttontext-->Sign Out
63588 [Test worker] INFO  tests.TestBase -- Before method finished logout
63591 [Test worker] INFO  tests.TestBase -- Start test with name 'PositiveContactTest'
63591 [Test worker] INFO  tests.TestBase -- Contact Test data ---> name: 'Pavel, lastName: Lagodni, phone: 0507722271, email: pavlova@gmail.com, address: Ein Gedi 28, & description: null'
63591 [Test worker] INFO  manager.ListenerWD -- Before find element-->By.cssSelector: a[href='/login']
63601 [Test worker] INFO  manager.ListenerWD -- After find element-->By.cssSelector: a[href='/login']
63608 [Test worker] INFO  manager.ListenerWD -- Location of element-->a
63617 [Test worker] INFO  manager.ListenerWD -- Before click element -->atext-->LOGIN
63646 [Test worker] INFO  manager.ListenerWD -- After click element -->a
63646 [Test worker] INFO  manager.ListenerWD -- Before find element-->By.name: email
63657 [Test worker] INFO  manager.ListenerWD -- After find element-->By.name: email
63660 [Test worker] INFO  manager.ListenerWD -- Location of element-->input
63667 [Test worker] INFO  manager.ListenerWD -- Before click element -->inputtext-->
63699 [Test worker] INFO  manager.ListenerWD -- After click element -->input
63717 [Test worker] INFO  manager.ListenerWD -- sendKeyds-->
63719 [Test worker] INFO  manager.ListenerWD -- sendKeyds_TagName-->input
63738 [Test worker] INFO  manager.ListenerWD -- Before find element-->By.xpath: //input[@placeholder='Password']
63751 [Test worker] INFO  manager.ListenerWD -- After find element-->By.xpath: //input[@placeholder='Password']
63753 [Test worker] INFO  manager.ListenerWD -- Location of element-->input
63760 [Test worker] INFO  manager.ListenerWD -- Before click element -->inputtext-->
63793 [Test worker] INFO  manager.ListenerWD -- After click element -->input
63810 [Test worker] INFO  manager.ListenerWD -- sendKeyds-->
63811 [Test worker] INFO  manager.ListenerWD -- sendKeyds_TagName-->input
63827 [Test worker] INFO  manager.ListenerWD -- Before find element-->By.xpath: //button[text()='Login']
63837 [Test worker] INFO  manager.ListenerWD -- After find element-->By.xpath: //button[text()='Login']
63840 [Test worker] INFO  manager.ListenerWD -- Location of element-->button
63848 [Test worker] INFO  manager.ListenerWD -- Before click element -->buttontext-->Login
63880 [Test worker] INFO  manager.ListenerWD -- Before find element-->By.xpath: //a[@href='/add']
64143 [Test worker] INFO  manager.ListenerWD -- After find element-->By.xpath: //a[@href='/add']
64146 [Test worker] INFO  manager.ListenerWD -- Location of element-->a
64153 [Test worker] INFO  manager.ListenerWD -- Before click element -->atext-->ADD
64184 [Test worker] INFO  manager.ListenerWD -- After click element -->a
64186 [Test worker] INFO  manager.ListenerWD -- Before find element-->By.xpath: //input[@placeholder='Name']
64196 [Test worker] INFO  manager.ListenerWD -- After find element-->By.xpath: //input[@placeholder='Name']
64200 [Test worker] INFO  manager.ListenerWD -- Location of element-->input
64207 [Test worker] INFO  manager.ListenerWD -- Before click element -->inputtext-->
64236 [Test worker] INFO  manager.ListenerWD -- After click element -->input
64253 [Test worker] INFO  manager.ListenerWD -- sendKeyds-->
64256 [Test worker] INFO  manager.ListenerWD -- sendKeyds_TagName-->input
64270 [Test worker] INFO  manager.ListenerWD -- Before find element-->By.xpath: //input[@placeholder='Last Name']
64280 [Test worker] INFO  manager.ListenerWD -- After find element-->By.xpath: //input[@placeholder='Last Name']
64283 [Test worker] INFO  manager.ListenerWD -- Location of element-->input
64290 [Test worker] INFO  manager.ListenerWD -- Before click element -->inputtext-->
64319 [Test worker] INFO  manager.ListenerWD -- After click element -->input
64337 [Test worker] INFO  manager.ListenerWD -- sendKeyds-->
64341 [Test worker] INFO  manager.ListenerWD -- sendKeyds_TagName-->input
64357 [Test worker] INFO  manager.ListenerWD -- Before find element-->By.xpath: //input[@placeholder='Phone']
64366 [Test worker] INFO  manager.ListenerWD -- After find element-->By.xpath: //input[@placeholder='Phone']
64369 [Test worker] INFO  manager.ListenerWD -- Location of element-->input
64376 [Test worker] INFO  manager.ListenerWD -- Before click element -->inputtext-->
64404 [Test worker] INFO  manager.ListenerWD -- After click element -->input
64421 [Test worker] INFO  manager.ListenerWD -- sendKeyds-->
64423 [Test worker] INFO  manager.ListenerWD -- sendKeyds_TagName-->input
64440 [Test worker] INFO  manager.ListenerWD -- Before find element-->By.xpath: //input[@placeholder='email']
64450 [Test worker] INFO  manager.ListenerWD -- After find element-->By.xpath: //input[@placeholder='email']
64452 [Test worker] INFO  manager.ListenerWD -- Location of element-->input
64458 [Test worker] INFO  manager.ListenerWD -- Before click element -->inputtext-->
64486 [Test worker] INFO  manager.ListenerWD -- After click element -->input
64503 [Test worker] INFO  manager.ListenerWD -- sendKeyds-->
64506 [Test worker] INFO  manager.ListenerWD -- sendKeyds_TagName-->input
64524 [Test worker] INFO  manager.ListenerWD -- Before find element-->By.xpath: //input[@placeholder='Address']
64534 [Test worker] INFO  manager.ListenerWD -- After find element-->By.xpath: //input[@placeholder='Address']
64537 [Test worker] INFO  manager.ListenerWD -- Location of element-->input
64544 [Test worker] INFO  manager.ListenerWD -- Before click element -->inputtext-->
64572 [Test worker] INFO  manager.ListenerWD -- After click element -->input
64590 [Test worker] INFO  manager.ListenerWD -- sendKeyds-->
64593 [Test worker] INFO  manager.ListenerWD -- sendKeyds_TagName-->input
64608 [Test worker] INFO  manager.ListenerWD -- Before find element-->By.xpath: //input[@placeholder='description']
64618 [Test worker] INFO  manager.ListenerWD -- After find element-->By.xpath: //input[@placeholder='description']
64621 [Test worker] INFO  manager.ListenerWD -- Location of element-->input
64628 [Test worker] INFO  manager.ListenerWD -- Before click element -->inputtext-->
64657 [Test worker] INFO  manager.ListenerWD -- After click element -->input
64674 [Test worker] INFO  manager.ListenerWD -- sendKeyds-->
64675 [Test worker] INFO  manager.ListenerWD -- sendKeyds_TagName-->input
64689 [Test worker] INFO  manager.ListenerWD -- Before find element-->By.xpath: //b[text()='Save']
64699 [Test worker] INFO  manager.ListenerWD -- After find element-->By.xpath: //b[text()='Save']
64702 [Test worker] INFO  manager.ListenerWD -- Location of element-->b
64708 [Test worker] INFO  manager.ListenerWD -- Before click element -->btext-->Save
64734 [Test worker] INFO  manager.ListenerWD -- After click element -->b
64734 [Test worker] INFO  manager.ListenerWD -- Before find element-->By.xpath: //h2[text()='Pavel']
65117 [Test worker] INFO  manager.ListenerWD -- After find element-->By.xpath: //h2[text()='Pavel']
65120 [Test worker] INFO  manager.ListenerWD -- Location of element-->h2
65128 [Test worker] INFO  manager.ListenerWD -- Before click element -->h2text-->Pavel
65164 [Test worker] INFO  manager.ListenerWD -- After click element -->h2
65179 [Test worker] INFO  tests.TestBase -- Assert check is alert present with button 'Edit'
65183 [Test worker] INFO  tests.TestBase -- ==============================================
65184 [Test worker] INFO  tests.TestBase -- Name of method (test) --->PositiveContactTest
65195 [Test worker] INFO  manager.ListenerWD -- Before find element-->By.xpath: //button[text()='Sign Out']
65204 [Test worker] INFO  manager.ListenerWD -- After find element-->By.xpath: //button[text()='Sign Out']
65208 [Test worker] INFO  manager.ListenerWD -- Location of element-->button
65215 [Test worker] INFO  manager.ListenerWD -- Before click element -->buttontext-->Sign Out
65253 [Test worker] INFO  tests.TestBase -- Before method finished logout
65255 [Test worker] INFO  tests.TestBase -- Start test with name 'PositiveContactTest'
65255 [Test worker] INFO  tests.TestBase -- Contact Test data ---> name: 'Pavel, lastName: Lagodni, phone: 0507722271, email: pavlova@gmail.com, address: Ein Gedi 28, & description: null'
65257 [Test worker] INFO  manager.ListenerWD -- Before find element-->By.cssSelector: a[href='/login']
65268 [Test worker] INFO  manager.ListenerWD -- After find element-->By.cssSelector: a[href='/login']
65272 [Test worker] INFO  manager.ListenerWD -- Location of element-->a
65279 [Test worker] INFO  manager.ListenerWD -- Before click element -->atext-->LOGIN
65310 [Test worker] INFO  manager.ListenerWD -- After click element -->a
65312 [Test worker] INFO  manager.ListenerWD -- Before find element-->By.name: email
65322 [Test worker] INFO  manager.ListenerWD -- After find element-->By.name: email
65325 [Test worker] INFO  manager.ListenerWD -- Location of element-->input
65333 [Test worker] INFO  manager.ListenerWD -- Before click element -->inputtext-->
65369 [Test worker] INFO  manager.ListenerWD -- After click element -->input
65389 [Test worker] INFO  manager.ListenerWD -- sendKeyds-->
65391 [Test worker] INFO  manager.ListenerWD -- sendKeyds_TagName-->input
65410 [Test worker] INFO  manager.ListenerWD -- Before find element-->By.xpath: //input[@placeholder='Password']
65422 [Test worker] INFO  manager.ListenerWD -- After find element-->By.xpath: //input[@placeholder='Password']
65424 [Test worker] INFO  manager.ListenerWD -- Location of element-->input
65431 [Test worker] INFO  manager.ListenerWD -- Before click element -->inputtext-->
65463 [Test worker] INFO  manager.ListenerWD -- After click element -->input
65481 [Test worker] INFO  manager.ListenerWD -- sendKeyds-->
65483 [Test worker] INFO  manager.ListenerWD -- sendKeyds_TagName-->input
65499 [Test worker] INFO  manager.ListenerWD -- Before find element-->By.xpath: //button[text()='Login']
65510 [Test worker] INFO  manager.ListenerWD -- After find element-->By.xpath: //button[text()='Login']
65512 [Test worker] INFO  manager.ListenerWD -- Location of element-->button
65520 [Test worker] INFO  manager.ListenerWD -- Before click element -->buttontext-->Login
65552 [Test worker] INFO  manager.ListenerWD -- Before find element-->By.xpath: //a[@href='/add']
65865 [Test worker] INFO  manager.ListenerWD -- After find element-->By.xpath: //a[@href='/add']
65868 [Test worker] INFO  manager.ListenerWD -- Location of element-->a
65875 [Test worker] INFO  manager.ListenerWD -- Before click element -->atext-->ADD
65907 [Test worker] INFO  manager.ListenerWD -- After click element -->a
65907 [Test worker] INFO  manager.ListenerWD -- Before find element-->By.xpath: //input[@placeholder='Name']
65917 [Test worker] INFO  manager.ListenerWD -- After find element-->By.xpath: //input[@placeholder='Name']
65919 [Test worker] INFO  manager.ListenerWD -- Location of element-->input
65927 [Test worker] INFO  manager.ListenerWD -- Before click element -->inputtext-->
65959 [Test worker] INFO  manager.ListenerWD -- After click element -->input
65978 [Test worker] INFO  manager.ListenerWD -- sendKeyds-->
65981 [Test worker] INFO  manager.ListenerWD -- sendKeyds_TagName-->input
65998 [Test worker] INFO  manager.ListenerWD -- Before find element-->By.xpath: //input[@placeholder='Last Name']
66009 [Test worker] INFO  manager.ListenerWD -- After find element-->By.xpath: //input[@placeholder='Last Name']
66012 [Test worker] INFO  manager.ListenerWD -- Location of element-->input
66019 [Test worker] INFO  manager.ListenerWD -- Before click element -->inputtext-->
66050 [Test worker] INFO  manager.ListenerWD -- After click element -->input
66071 [Test worker] INFO  manager.ListenerWD -- sendKeyds-->
66074 [Test worker] INFO  manager.ListenerWD -- sendKeyds_TagName-->input
66091 [Test worker] INFO  manager.ListenerWD -- Before find element-->By.xpath: //input[@placeholder='Phone']
66101 [Test worker] INFO  manager.ListenerWD -- After find element-->By.xpath: //input[@placeholder='Phone']
66105 [Test worker] INFO  manager.ListenerWD -- Location of element-->input
66113 [Test worker] INFO  manager.ListenerWD -- Before click element -->inputtext-->
66145 [Test worker] INFO  manager.ListenerWD -- After click element -->input
66163 [Test worker] INFO  manager.ListenerWD -- sendKeyds-->
66166 [Test worker] INFO  manager.ListenerWD -- sendKeyds_TagName-->input
66181 [Test worker] INFO  manager.ListenerWD -- Before find element-->By.xpath: //input[@placeholder='email']
66191 [Test worker] INFO  manager.ListenerWD -- After find element-->By.xpath: //input[@placeholder='email']
66194 [Test worker] INFO  manager.ListenerWD -- Location of element-->input
66201 [Test worker] INFO  manager.ListenerWD -- Before click element -->inputtext-->
66230 [Test worker] INFO  manager.ListenerWD -- After click element -->input
66247 [Test worker] INFO  manager.ListenerWD -- sendKeyds-->
66249 [Test worker] INFO  manager.ListenerWD -- sendKeyds_TagName-->input
66268 [Test worker] INFO  manager.ListenerWD -- Before find element-->By.xpath: //input[@placeholder='Address']
66278 [Test worker] INFO  manager.ListenerWD -- After find element-->By.xpath: //input[@placeholder='Address']
66281 [Test worker] INFO  manager.ListenerWD -- Location of element-->input
66287 [Test worker] INFO  manager.ListenerWD -- Before click element -->inputtext-->
66316 [Test worker] INFO  manager.ListenerWD -- After click element -->input
66334 [Test worker] INFO  manager.ListenerWD -- sendKeyds-->
66335 [Test worker] INFO  manager.ListenerWD -- sendKeyds_TagName-->input
66353 [Test worker] INFO  manager.ListenerWD -- Before find element-->By.xpath: //input[@placeholder='description']
66363 [Test worker] INFO  manager.ListenerWD -- After find element-->By.xpath: //input[@placeholder='description']
66366 [Test worker] INFO  manager.ListenerWD -- Location of element-->input
66373 [Test worker] INFO  manager.ListenerWD -- Before click element -->inputtext-->
66402 [Test worker] INFO  manager.ListenerWD -- After click element -->input
66415 [Test worker] INFO  manager.ListenerWD -- Before find element-->By.xpath: //b[text()='Save']
66424 [Test worker] INFO  manager.ListenerWD -- After find element-->By.xpath: //b[text()='Save']
66426 [Test worker] INFO  manager.ListenerWD -- Location of element-->b
66433 [Test worker] INFO  manager.ListenerWD -- Before click element -->btext-->Save
66459 [Test worker] INFO  manager.ListenerWD -- After click element -->b
66459 [Test worker] INFO  manager.ListenerWD -- Before find element-->By.xpath: //h2[text()='Pavel']
66842 [Test worker] INFO  manager.ListenerWD -- After find element-->By.xpath: //h2[text()='Pavel']
66847 [Test worker] INFO  manager.ListenerWD -- Location of element-->h2
66854 [Test worker] INFO  manager.ListenerWD -- Before click element -->h2text-->Pavel
66883 [Test worker] INFO  manager.ListenerWD -- After click element -->h2
66892 [Test worker] INFO  tests.TestBase -- Assert check is alert present with button 'Edit'
66893 [Test worker] INFO  tests.TestBase -- ==============================================
66894 [Test worker] INFO  tests.TestBase -- Name of method (test) --->PositiveContactTest2
66906 [Test worker] INFO  manager.ListenerWD -- Before find element-->By.xpath: //button[text()='Sign Out']
66915 [Test worker] INFO  manager.ListenerWD -- After find element-->By.xpath: //button[text()='Sign Out']
66917 [Test worker] INFO  manager.ListenerWD -- Location of element-->button
66925 [Test worker] INFO  manager.ListenerWD -- Before click element -->buttontext-->Sign Out
66961 [Test worker] INFO  tests.TestBase -- Before method finished logout
66964 [Test worker] INFO  tests.TestBase -- Start test with name 'PositiveContactTest2'
66964 [Test worker] INFO  tests.TestBase -- Contact Test data ---> name: 'Pavel, lastName: Lagodni, phone: 0507722271, email: pavlova@gmail.com, address: Ein Gedi 28'
66964 [Test worker] INFO  manager.ListenerWD -- Before find element-->By.cssSelector: a[href='/login']
66973 [Test worker] INFO  manager.ListenerWD -- After find element-->By.cssSelector: a[href='/login']
66977 [Test worker] INFO  manager.ListenerWD -- Location of element-->a
66982 [Test worker] INFO  manager.ListenerWD -- Before click element -->atext-->LOGIN
67011 [Test worker] INFO  manager.ListenerWD -- After click element -->a
67011 [Test worker] INFO  manager.ListenerWD -- Before find element-->By.name: email
67023 [Test worker] INFO  manager.ListenerWD -- After find element-->By.name: email
67026 [Test worker] INFO  manager.ListenerWD -- Location of element-->input
67033 [Test worker] INFO  manager.ListenerWD -- Before click element -->inputtext-->
67068 [Test worker] INFO  manager.ListenerWD -- After click element -->input
67087 [Test worker] INFO  manager.ListenerWD -- sendKeyds-->
67088 [Test worker] INFO  manager.ListenerWD -- sendKeyds_TagName-->input
67108 [Test worker] INFO  manager.ListenerWD -- Before find element-->By.xpath: //input[@placeholder='Password']
67118 [Test worker] INFO  manager.ListenerWD -- After find element-->By.xpath: //input[@placeholder='Password']
67121 [Test worker] INFO  manager.ListenerWD -- Location of element-->input
67128 [Test worker] INFO  manager.ListenerWD -- Before click element -->inputtext-->
67160 [Test worker] INFO  manager.ListenerWD -- After click element -->input
67178 [Test worker] INFO  manager.ListenerWD -- sendKeyds-->
67180 [Test worker] INFO  manager.ListenerWD -- sendKeyds_TagName-->input
67197 [Test worker] INFO  manager.ListenerWD -- Before find element-->By.xpath: //button[text()='Login']
67207 [Test worker] INFO  manager.ListenerWD -- After find element-->By.xpath: //button[text()='Login']
67210 [Test worker] INFO  manager.ListenerWD -- Location of element-->button
67216 [Test worker] INFO  manager.ListenerWD -- Before click element -->buttontext-->Login
67245 [Test worker] INFO  manager.ListenerWD -- Before find element-->By.xpath: //a[@href='/add']
67618 [Test worker] INFO  manager.ListenerWD -- After find element-->By.xpath: //a[@href='/add']
67621 [Test worker] INFO  manager.ListenerWD -- Location of element-->a
67629 [Test worker] INFO  manager.ListenerWD -- Before click element -->atext-->ADD
67662 [Test worker] INFO  manager.ListenerWD -- After click element -->a
67662 [Test worker] INFO  manager.ListenerWD -- Before find element-->By.xpath: //input[@placeholder='Name']
67672 [Test worker] INFO  manager.ListenerWD -- After find element-->By.xpath: //input[@placeholder='Name']
67675 [Test worker] INFO  manager.ListenerWD -- Location of element-->input
67682 [Test worker] INFO  manager.ListenerWD -- Before click element -->inputtext-->
67710 [Test worker] INFO  manager.ListenerWD -- After click element -->input
67727 [Test worker] INFO  manager.ListenerWD -- sendKeyds-->
67729 [Test worker] INFO  manager.ListenerWD -- sendKeyds_TagName-->input
67743 [Test worker] INFO  manager.ListenerWD -- Before find element-->By.xpath: //input[@placeholder='Last Name']
67752 [Test worker] INFO  manager.ListenerWD -- After find element-->By.xpath: //input[@placeholder='Last Name']
67757 [Test worker] INFO  manager.ListenerWD -- Location of element-->input
67767 [Test worker] INFO  manager.ListenerWD -- Before click element -->inputtext-->
67796 [Test worker] INFO  manager.ListenerWD -- After click element -->input
67813 [Test worker] INFO  manager.ListenerWD -- sendKeyds-->
67815 [Test worker] INFO  manager.ListenerWD -- sendKeyds_TagName-->input
67831 [Test worker] INFO  manager.ListenerWD -- Before find element-->By.xpath: //input[@placeholder='Phone']
67840 [Test worker] INFO  manager.ListenerWD -- After find element-->By.xpath: //input[@placeholder='Phone']
67843 [Test worker] INFO  manager.ListenerWD -- Location of element-->input
67849 [Test worker] INFO  manager.ListenerWD -- Before click element -->inputtext-->
67877 [Test worker] INFO  manager.ListenerWD -- After click element -->input
67894 [Test worker] INFO  manager.ListenerWD -- sendKeyds-->
67895 [Test worker] INFO  manager.ListenerWD -- sendKeyds_TagName-->input
67910 [Test worker] INFO  manager.ListenerWD -- Before find element-->By.xpath: //input[@placeholder='email']
67920 [Test worker] INFO  manager.ListenerWD -- After find element-->By.xpath: //input[@placeholder='email']
67923 [Test worker] INFO  manager.ListenerWD -- Location of element-->input
67930 [Test worker] INFO  manager.ListenerWD -- Before click element -->inputtext-->
67960 [Test worker] INFO  manager.ListenerWD -- After click element -->input
67977 [Test worker] INFO  manager.ListenerWD -- sendKeyds-->
67979 [Test worker] INFO  manager.ListenerWD -- sendKeyds_TagName-->input
67998 [Test worker] INFO  manager.ListenerWD -- Before find element-->By.xpath: //input[@placeholder='Address']
68009 [Test worker] INFO  manager.ListenerWD -- After find element-->By.xpath: //input[@placeholder='Address']
68013 [Test worker] INFO  manager.ListenerWD -- Location of element-->input
68019 [Test worker] INFO  manager.ListenerWD -- Before click element -->inputtext-->
68048 [Test worker] INFO  manager.ListenerWD -- After click element -->input
68065 [Test worker] INFO  manager.ListenerWD -- sendKeyds-->
68067 [Test worker] INFO  manager.ListenerWD -- sendKeyds_TagName-->input
68084 [Test worker] INFO  manager.ListenerWD -- Before find element-->By.xpath: //input[@placeholder='description']
68094 [Test worker] INFO  manager.ListenerWD -- After find element-->By.xpath: //input[@placeholder='description']
68097 [Test worker] INFO  manager.ListenerWD -- Location of element-->input
68103 [Test worker] INFO  manager.ListenerWD -- Before click element -->inputtext-->
68131 [Test worker] INFO  manager.ListenerWD -- After click element -->input
68151 [Test worker] INFO  manager.ListenerWD -- sendKeyds-->
68153 [Test worker] INFO  manager.ListenerWD -- sendKeyds_TagName-->input
68168 [Test worker] INFO  manager.ListenerWD -- Before find element-->By.xpath: //b[text()='Save']
68178 [Test worker] INFO  manager.ListenerWD -- After find element-->By.xpath: //b[text()='Save']
68181 [Test worker] INFO  manager.ListenerWD -- Location of element-->b
68186 [Test worker] INFO  manager.ListenerWD -- Before click element -->btext-->Save
68213 [Test worker] INFO  manager.ListenerWD -- After click element -->b
68214 [Test worker] INFO  manager.ListenerWD -- Before find element-->By.xpath: //h2[text()='Pavel']
68600 [Test worker] INFO  manager.ListenerWD -- After find element-->By.xpath: //h2[text()='Pavel']
68605 [Test worker] INFO  manager.ListenerWD -- Location of element-->h2
68612 [Test worker] INFO  manager.ListenerWD -- Before click element -->h2text-->Pavel
68643 [Test worker] INFO  manager.ListenerWD -- After click element -->h2
68652 [Test worker] INFO  tests.TestBase -- Assert check is alert present with button  'Edit'
68655 [Test worker] INFO  tests.TestBase -- ==============================================
68656 [Test worker] INFO  tests.TestBase -- Name of method (test) --->PositiveContactTest2
68667 [Test worker] INFO  manager.ListenerWD -- Before find element-->By.xpath: //button[text()='Sign Out']
68677 [Test worker] INFO  manager.ListenerWD -- After find element-->By.xpath: //button[text()='Sign Out']
68680 [Test worker] INFO  manager.ListenerWD -- Location of element-->button
68687 [Test worker] INFO  manager.ListenerWD -- Before click element -->buttontext-->Sign Out
68724 [Test worker] INFO  tests.TestBase -- Before method finished logout
68727 [Test worker] INFO  tests.TestBase -- Start test with name 'PositiveContactTest2'
68727 [Test worker] INFO  tests.TestBase -- Contact Test data ---> name: 'Pavel, lastName: Lagodni, phone: 0507722271, email: pavlova@gmail.com, address: Ein Gedi 28'
68727 [Test worker] INFO  manager.ListenerWD -- Before find element-->By.cssSelector: a[href='/login']
68737 [Test worker] INFO  manager.ListenerWD -- After find element-->By.cssSelector: a[href='/login']
68740 [Test worker] INFO  manager.ListenerWD -- Location of element-->a
68747 [Test worker] INFO  manager.ListenerWD -- Before click element -->atext-->LOGIN
68779 [Test worker] INFO  manager.ListenerWD -- After click element -->a
68779 [Test worker] INFO  manager.ListenerWD -- Before find element-->By.name: email
68788 [Test worker] INFO  manager.ListenerWD -- After find element-->By.name: email
68792 [Test worker] INFO  manager.ListenerWD -- Location of element-->input
68798 [Test worker] INFO  manager.ListenerWD -- Before click element -->inputtext-->
68829 [Test worker] INFO  manager.ListenerWD -- After click element -->input
68846 [Test worker] INFO  manager.ListenerWD -- sendKeyds-->
68849 [Test worker] INFO  manager.ListenerWD -- sendKeyds_TagName-->input
68867 [Test worker] INFO  manager.ListenerWD -- Before find element-->By.xpath: //input[@placeholder='Password']
68877 [Test worker] INFO  manager.ListenerWD -- After find element-->By.xpath: //input[@placeholder='Password']
68879 [Test worker] INFO  manager.ListenerWD -- Location of element-->input
68886 [Test worker] INFO  manager.ListenerWD -- Before click element -->inputtext-->
68918 [Test worker] INFO  manager.ListenerWD -- After click element -->input
68936 [Test worker] INFO  manager.ListenerWD -- sendKeyds-->
68938 [Test worker] INFO  manager.ListenerWD -- sendKeyds_TagName-->input
68954 [Test worker] INFO  manager.ListenerWD -- Before find element-->By.xpath: //button[text()='Login']
68965 [Test worker] INFO  manager.ListenerWD -- After find element-->By.xpath: //button[text()='Login']
68968 [Test worker] INFO  manager.ListenerWD -- Location of element-->button
68974 [Test worker] INFO  manager.ListenerWD -- Before click element -->buttontext-->Login
69003 [Test worker] INFO  manager.ListenerWD -- Before find element-->By.xpath: //a[@href='/add']
69264 [Test worker] INFO  manager.ListenerWD -- After find element-->By.xpath: //a[@href='/add']
69267 [Test worker] INFO  manager.ListenerWD -- Location of element-->a
69273 [Test worker] INFO  manager.ListenerWD -- Before click element -->atext-->ADD
69308 [Test worker] INFO  manager.ListenerWD -- After click element -->a
69308 [Test worker] INFO  manager.ListenerWD -- Before find element-->By.xpath: //input[@placeholder='Name']
69318 [Test worker] INFO  manager.ListenerWD -- After find element-->By.xpath: //input[@placeholder='Name']
69321 [Test worker] INFO  manager.ListenerWD -- Location of element-->input
69329 [Test worker] INFO  manager.ListenerWD -- Before click element -->inputtext-->
69357 [Test worker] INFO  manager.ListenerWD -- After click element -->input
69375 [Test worker] INFO  manager.ListenerWD -- sendKeyds-->
69379 [Test worker] INFO  manager.ListenerWD -- sendKeyds_TagName-->input
69393 [Test worker] INFO  manager.ListenerWD -- Before find element-->By.xpath: //input[@placeholder='Last Name']
69403 [Test worker] INFO  manager.ListenerWD -- After find element-->By.xpath: //input[@placeholder='Last Name']
69407 [Test worker] INFO  manager.ListenerWD -- Location of element-->input
69414 [Test worker] INFO  manager.ListenerWD -- Before click element -->inputtext-->
69442 [Test worker] INFO  manager.ListenerWD -- After click element -->input
69461 [Test worker] INFO  manager.ListenerWD -- sendKeyds-->
69464 [Test worker] INFO  manager.ListenerWD -- sendKeyds_TagName-->input
69478 [Test worker] INFO  manager.ListenerWD -- Before find element-->By.xpath: //input[@placeholder='Phone']
69487 [Test worker] INFO  manager.ListenerWD -- After find element-->By.xpath: //input[@placeholder='Phone']
69491 [Test worker] INFO  manager.ListenerWD -- Location of element-->input
69497 [Test worker] INFO  manager.ListenerWD -- Before click element -->inputtext-->
69525 [Test worker] INFO  manager.ListenerWD -- After click element -->input
69542 [Test worker] INFO  manager.ListenerWD -- sendKeyds-->
69544 [Test worker] INFO  manager.ListenerWD -- sendKeyds_TagName-->input
69559 [Test worker] INFO  manager.ListenerWD -- Before find element-->By.xpath: //input[@placeholder='email']
69568 [Test worker] INFO  manager.ListenerWD -- After find element-->By.xpath: //input[@placeholder='email']
69572 [Test worker] INFO  manager.ListenerWD -- Location of element-->input
69579 [Test worker] INFO  manager.ListenerWD -- Before click element -->inputtext-->
69607 [Test worker] INFO  manager.ListenerWD -- After click element -->input
69627 [Test worker] INFO  manager.ListenerWD -- sendKeyds-->
69629 [Test worker] INFO  manager.ListenerWD -- sendKeyds_TagName-->input
69647 [Test worker] INFO  manager.ListenerWD -- Before find element-->By.xpath: //input[@placeholder='Address']
69657 [Test worker] INFO  manager.ListenerWD -- After find element-->By.xpath: //input[@placeholder='Address']
69660 [Test worker] INFO  manager.ListenerWD -- Location of element-->input
69665 [Test worker] INFO  manager.ListenerWD -- Before click element -->inputtext-->
69694 [Test worker] INFO  manager.ListenerWD -- After click element -->input
69711 [Test worker] INFO  manager.ListenerWD -- sendKeyds-->
69713 [Test worker] INFO  manager.ListenerWD -- sendKeyds_TagName-->input
69730 [Test worker] INFO  manager.ListenerWD -- Before find element-->By.xpath: //input[@placeholder='description']
69741 [Test worker] INFO  manager.ListenerWD -- After find element-->By.xpath: //input[@placeholder='description']
69743 [Test worker] INFO  manager.ListenerWD -- Location of element-->input
69750 [Test worker] INFO  manager.ListenerWD -- Before click element -->inputtext-->
69776 [Test worker] INFO  manager.ListenerWD -- After click element -->input
69789 [Test worker] INFO  manager.ListenerWD -- Before find element-->By.xpath: //b[text()='Save']
69800 [Test worker] INFO  manager.ListenerWD -- After find element-->By.xpath: //b[text()='Save']
69802 [Test worker] INFO  manager.ListenerWD -- Location of element-->b
69808 [Test worker] INFO  manager.ListenerWD -- Before click element -->btext-->Save
69833 [Test worker] INFO  manager.ListenerWD -- After click element -->b
69834 [Test worker] INFO  manager.ListenerWD -- Before find element-->By.xpath: //h2[text()='Pavel']
70213 [Test worker] INFO  manager.ListenerWD -- After find element-->By.xpath: //h2[text()='Pavel']
70217 [Test worker] INFO  manager.ListenerWD -- Location of element-->h2
70225 [Test worker] INFO  manager.ListenerWD -- Before click element -->h2text-->Pavel
70257 [Test worker] INFO  manager.ListenerWD -- After click element -->h2
70266 [Test worker] INFO  tests.TestBase -- Assert check is alert present with button  'Edit'
70268 [Test worker] INFO  tests.TestBase -- ==============================================
70270 [Test worker] INFO  tests.TestBase -- Name of method (test) --->loginSuccess
70281 [Test worker] INFO  manager.ListenerWD -- Before find element-->By.xpath: //button[text()='Sign Out']
70290 [Test worker] INFO  manager.ListenerWD -- After find element-->By.xpath: //button[text()='Sign Out']
70294 [Test worker] INFO  manager.ListenerWD -- Location of element-->button
70301 [Test worker] INFO  manager.ListenerWD -- Before click element -->buttontext-->Sign Out
70336 [Test worker] INFO  tests.TestBase -- Before method finished logout
70338 [Test worker] INFO  tests.TestBase -- Start test with name 'loginSuccess'
70339 [Test worker] INFO  tests.TestBase -- Test data ---> email: margo@gmail.com & password: Mmar123456$
70339 [Test worker] INFO  manager.ListenerWD -- Before find element-->By.cssSelector: a[href='/login']
70352 [Test worker] INFO  manager.ListenerWD -- After find element-->By.cssSelector: a[href='/login']
70354 [Test worker] INFO  manager.ListenerWD -- Location of element-->a
70362 [Test worker] INFO  manager.ListenerWD -- Before click element -->atext-->LOGIN
70392 [Test worker] INFO  manager.ListenerWD -- After click element -->a
70392 [Test worker] INFO  manager.ListenerWD -- Before find element-->By.name: email
70402 [Test worker] INFO  manager.ListenerWD -- After find element-->By.name: email
70404 [Test worker] INFO  manager.ListenerWD -- Location of element-->input
70413 [Test worker] INFO  manager.ListenerWD -- Before click element -->inputtext-->
70446 [Test worker] INFO  manager.ListenerWD -- After click element -->input
70463 [Test worker] INFO  manager.ListenerWD -- sendKeyds-->
70466 [Test worker] INFO  manager.ListenerWD -- sendKeyds_TagName-->input
70483 [Test worker] INFO  manager.ListenerWD -- Before find element-->By.xpath: //input[@placeholder='Password']
70493 [Test worker] INFO  manager.ListenerWD -- After find element-->By.xpath: //input[@placeholder='Password']
70496 [Test worker] INFO  manager.ListenerWD -- Location of element-->input
70503 [Test worker] INFO  manager.ListenerWD -- Before click element -->inputtext-->
70539 [Test worker] INFO  manager.ListenerWD -- After click element -->input
70557 [Test worker] INFO  manager.ListenerWD -- sendKeyds-->
70560 [Test worker] INFO  manager.ListenerWD -- sendKeyds_TagName-->input
70578 [Test worker] INFO  manager.ListenerWD -- Before find element-->By.xpath: //button[text()='Login']
70587 [Test worker] INFO  manager.ListenerWD -- After find element-->By.xpath: //button[text()='Login']
70590 [Test worker] INFO  manager.ListenerWD -- Location of element-->button
70596 [Test worker] INFO  manager.ListenerWD -- Before click element -->buttontext-->Login
70884 [Test worker] INFO  tests.TestBase -- Assert check is element button 'Sign out' present
70886 [Test worker] INFO  tests.TestBase -- ==============================================
70887 [Test worker] INFO  tests.TestBase -- Name of method (test) --->loginSuccess
70899 [Test worker] INFO  manager.ListenerWD -- Before find element-->By.xpath: //button[text()='Sign Out']
70909 [Test worker] INFO  manager.ListenerWD -- After find element-->By.xpath: //button[text()='Sign Out']
70912 [Test worker] INFO  manager.ListenerWD -- Location of element-->button
70918 [Test worker] INFO  manager.ListenerWD -- Before click element -->buttontext-->Sign Out
70951 [Test worker] INFO  tests.TestBase -- Before method finished logout
70953 [Test worker] INFO  tests.TestBase -- Start test with name 'loginSuccess'
70953 [Test worker] INFO  tests.TestBase -- Test data ---> email: sonya@gmail.com & password: Ss12345$
70953 [Test worker] INFO  manager.ListenerWD -- Before find element-->By.cssSelector: a[href='/login']
70962 [Test worker] INFO  manager.ListenerWD -- After find element-->By.cssSelector: a[href='/login']
70964 [Test worker] INFO  manager.ListenerWD -- Location of element-->a
70971 [Test worker] INFO  manager.ListenerWD -- Before click element -->atext-->LOGIN
70999 [Test worker] INFO  manager.ListenerWD -- After click element -->a
71000 [Test worker] INFO  manager.ListenerWD -- Before find element-->By.name: email
71009 [Test worker] INFO  manager.ListenerWD -- After find element-->By.name: email
71012 [Test worker] INFO  manager.ListenerWD -- Location of element-->input
71018 [Test worker] INFO  manager.ListenerWD -- Before click element -->inputtext-->
71052 [Test worker] INFO  manager.ListenerWD -- After click element -->input
71069 [Test worker] INFO  manager.ListenerWD -- sendKeyds-->
71071 [Test worker] INFO  manager.ListenerWD -- sendKeyds_TagName-->input
71088 [Test worker] INFO  manager.ListenerWD -- Before find element-->By.xpath: //input[@placeholder='Password']
71098 [Test worker] INFO  manager.ListenerWD -- After find element-->By.xpath: //input[@placeholder='Password']
71101 [Test worker] INFO  manager.ListenerWD -- Location of element-->input
71107 [Test worker] INFO  manager.ListenerWD -- Before click element -->inputtext-->
71142 [Test worker] INFO  manager.ListenerWD -- After click element -->input
71160 [Test worker] INFO  manager.ListenerWD -- sendKeyds-->
71162 [Test worker] INFO  manager.ListenerWD -- sendKeyds_TagName-->input
71178 [Test worker] INFO  manager.ListenerWD -- Before find element-->By.xpath: //button[text()='Login']
71187 [Test worker] INFO  manager.ListenerWD -- After find element-->By.xpath: //button[text()='Login']
71191 [Test worker] INFO  manager.ListenerWD -- Location of element-->button
71198 [Test worker] INFO  manager.ListenerWD -- Before click element -->buttontext-->Login
71487 [Test worker] INFO  tests.TestBase -- Assert check is element button 'Sign out' present
71489 [Test worker] INFO  tests.TestBase -- ==============================================
71490 [Test worker] INFO  tests.TestBase -- Name of method (test) --->loginSuccess
71501 [Test worker] INFO  manager.ListenerWD -- Before find element-->By.xpath: //button[text()='Sign Out']
71511 [Test worker] INFO  manager.ListenerWD -- After find element-->By.xpath: //button[text()='Sign Out']
71513 [Test worker] INFO  manager.ListenerWD -- Location of element-->button
71520 [Test worker] INFO  manager.ListenerWD -- Before click element -->buttontext-->Sign Out
71552 [Test worker] INFO  tests.TestBase -- Before method finished logout
71554 [Test worker] INFO  tests.TestBase -- Start test with name 'loginSuccess'
71554 [Test worker] INFO  tests.TestBase -- Test data ---> email: art276@art.com & password: $Art1$2$3456789
71554 [Test worker] INFO  manager.ListenerWD -- Before find element-->By.cssSelector: a[href='/login']
71566 [Test worker] INFO  manager.ListenerWD -- After find element-->By.cssSelector: a[href='/login']
71569 [Test worker] INFO  manager.ListenerWD -- Location of element-->a
71575 [Test worker] INFO  manager.ListenerWD -- Before click element -->atext-->LOGIN
71603 [Test worker] INFO  manager.ListenerWD -- After click element -->a
71603 [Test worker] INFO  manager.ListenerWD -- Before find element-->By.name: email
71613 [Test worker] INFO  manager.ListenerWD -- After find element-->By.name: email
71616 [Test worker] INFO  manager.ListenerWD -- Location of element-->input
71623 [Test worker] INFO  manager.ListenerWD -- Before click element -->inputtext-->
71656 [Test worker] INFO  manager.ListenerWD -- After click element -->input
71674 [Test worker] INFO  manager.ListenerWD -- sendKeyds-->
71678 [Test worker] INFO  manager.ListenerWD -- sendKeyds_TagName-->input
71696 [Test worker] INFO  manager.ListenerWD -- Before find element-->By.xpath: //input[@placeholder='Password']
71706 [Test worker] INFO  manager.ListenerWD -- After find element-->By.xpath: //input[@placeholder='Password']
71709 [Test worker] INFO  manager.ListenerWD -- Location of element-->input
71714 [Test worker] INFO  manager.ListenerWD -- Before click element -->inputtext-->
71746 [Test worker] INFO  manager.ListenerWD -- After click element -->input
71764 [Test worker] INFO  manager.ListenerWD -- sendKeyds-->
71767 [Test worker] INFO  manager.ListenerWD -- sendKeyds_TagName-->input
71784 [Test worker] INFO  manager.ListenerWD -- Before find element-->By.xpath: //button[text()='Login']
71794 [Test worker] INFO  manager.ListenerWD -- After find element-->By.xpath: //button[text()='Login']
71797 [Test worker] INFO  manager.ListenerWD -- Location of element-->button
71804 [Test worker] INFO  manager.ListenerWD -- Before click element -->buttontext-->Login
72159 [Test worker] INFO  tests.TestBase -- Assert check is element button 'Sign out' present
72161 [Test worker] INFO  tests.TestBase -- ==============================================
72164 [Test worker] INFO  tests.TestBase -- Name of method (test) --->loginSuccess1
72177 [Test worker] INFO  manager.ListenerWD -- Before find element-->By.xpath: //button[text()='Sign Out']
72188 [Test worker] INFO  manager.ListenerWD -- After find element-->By.xpath: //button[text()='Sign Out']
72192 [Test worker] INFO  manager.ListenerWD -- Location of element-->button
72198 [Test worker] INFO  manager.ListenerWD -- Before click element -->buttontext-->Sign Out
72231 [Test worker] INFO  tests.TestBase -- Before method finished logout
72234 [Test worker] INFO  manager.ListenerWD -- Before find element-->By.cssSelector: a[href='/login']
72243 [Test worker] INFO  manager.ListenerWD -- After find element-->By.cssSelector: a[href='/login']
72246 [Test worker] INFO  manager.ListenerWD -- Location of element-->a
72252 [Test worker] INFO  manager.ListenerWD -- Before click element -->atext-->LOGIN
72280 [Test worker] INFO  manager.ListenerWD -- After click element -->a
72280 [Test worker] INFO  manager.ListenerWD -- Before find element-->By.name: email
72289 [Test worker] INFO  manager.ListenerWD -- After find element-->By.name: email
72293 [Test worker] INFO  manager.ListenerWD -- Location of element-->input
72301 [Test worker] INFO  manager.ListenerWD -- Before click element -->inputtext-->
72334 [Test worker] INFO  manager.ListenerWD -- After click element -->input
72351 [Test worker] INFO  manager.ListenerWD -- sendKeyds-->
72354 [Test worker] INFO  manager.ListenerWD -- sendKeyds_TagName-->input
72371 [Test worker] INFO  manager.ListenerWD -- Before find element-->By.xpath: //input[@placeholder='Password']
72380 [Test worker] INFO  manager.ListenerWD -- After find element-->By.xpath: //input[@placeholder='Password']
72383 [Test worker] INFO  manager.ListenerWD -- Location of element-->input
72390 [Test worker] INFO  manager.ListenerWD -- Before click element -->inputtext-->
72423 [Test worker] INFO  manager.ListenerWD -- After click element -->input
72440 [Test worker] INFO  manager.ListenerWD -- sendKeyds-->
72443 [Test worker] INFO  manager.ListenerWD -- sendKeyds_TagName-->input
72459 [Test worker] INFO  manager.ListenerWD -- Before find element-->By.xpath: //button[text()='Login']
72469 [Test worker] INFO  manager.ListenerWD -- After find element-->By.xpath: //button[text()='Login']
72471 [Test worker] INFO  manager.ListenerWD -- Location of element-->button
72478 [Test worker] INFO  manager.ListenerWD -- Before click element -->buttontext-->Login
72770 [Test worker] INFO  tests.TestBase -- ==============================================
72773 [Test worker] INFO  tests.TestBase -- Name of method (test) --->loginSuccessModel
72783 [Test worker] INFO  manager.ListenerWD -- Before find element-->By.xpath: //button[text()='Sign Out']
72793 [Test worker] INFO  manager.ListenerWD -- After find element-->By.xpath: //button[text()='Sign Out']
72796 [Test worker] INFO  manager.ListenerWD -- Location of element-->button
72801 [Test worker] INFO  manager.ListenerWD -- Before click element -->buttontext-->Sign Out
72835 [Test worker] INFO  tests.TestBase -- Before method finished logout
72837 [Test worker] INFO  tests.TestBase -- Test data---> User{email='margo@gmail.com', password='Mmar123456$'}
72837 [Test worker] INFO  manager.ListenerWD -- Before find element-->By.cssSelector: a[href='/login']
72846 [Test worker] INFO  manager.ListenerWD -- After find element-->By.cssSelector: a[href='/login']
72849 [Test worker] INFO  manager.ListenerWD -- Location of element-->a
72855 [Test worker] INFO  manager.ListenerWD -- Before click element -->atext-->LOGIN
72884 [Test worker] INFO  manager.ListenerWD -- After click element -->a
72884 [Test worker] INFO  manager.ListenerWD -- Before find element-->By.name: email
72893 [Test worker] INFO  manager.ListenerWD -- After find element-->By.name: email
72896 [Test worker] INFO  manager.ListenerWD -- Location of element-->input
72902 [Test worker] INFO  manager.ListenerWD -- Before click element -->inputtext-->
72936 [Test worker] INFO  manager.ListenerWD -- After click element -->input
72956 [Test worker] INFO  manager.ListenerWD -- sendKeyds-->
72958 [Test worker] INFO  manager.ListenerWD -- sendKeyds_TagName-->input
72976 [Test worker] INFO  manager.ListenerWD -- Before find element-->By.xpath: //input[@placeholder='Password']
72984 [Test worker] INFO  manager.ListenerWD -- After find element-->By.xpath: //input[@placeholder='Password']
72987 [Test worker] INFO  manager.ListenerWD -- Location of element-->input
72994 [Test worker] INFO  manager.ListenerWD -- Before click element -->inputtext-->
73027 [Test worker] INFO  manager.ListenerWD -- After click element -->input
73045 [Test worker] INFO  manager.ListenerWD -- sendKeyds-->
73047 [Test worker] INFO  manager.ListenerWD -- sendKeyds_TagName-->input
73063 [Test worker] INFO  manager.ListenerWD -- Before find element-->By.xpath: //button[text()='Login']
73074 [Test worker] INFO  manager.ListenerWD -- After find element-->By.xpath: //button[text()='Login']
73077 [Test worker] INFO  manager.ListenerWD -- Location of element-->button
73083 [Test worker] INFO  manager.ListenerWD -- Before click element -->buttontext-->Login
73439 [Test worker] INFO  tests.TestBase -- Assert check is element button 'Sign out' present
73441 [Test worker] INFO  tests.TestBase -- ==============================================
73441 [Test worker] INFO  tests.TestBase -- Name of method (test) --->loginSuccessModel
73453 [Test worker] INFO  manager.ListenerWD -- Before find element-->By.xpath: //button[text()='Sign Out']
73463 [Test worker] INFO  manager.ListenerWD -- After find element-->By.xpath: //button[text()='Sign Out']
73466 [Test worker] INFO  manager.ListenerWD -- Location of element-->button
73472 [Test worker] INFO  manager.ListenerWD -- Before click element -->buttontext-->Sign Out
73504 [Test worker] INFO  tests.TestBase -- Before method finished logout
73507 [Test worker] INFO  tests.TestBase -- Test data---> User{email='sonya@gmail.com', password='Ss12345$'}
73507 [Test worker] INFO  manager.ListenerWD -- Before find element-->By.cssSelector: a[href='/login']
73516 [Test worker] INFO  manager.ListenerWD -- After find element-->By.cssSelector: a[href='/login']
73519 [Test worker] INFO  manager.ListenerWD -- Location of element-->a
73526 [Test worker] INFO  manager.ListenerWD -- Before click element -->atext-->LOGIN
73554 [Test worker] INFO  manager.ListenerWD -- After click element -->a
73554 [Test worker] INFO  manager.ListenerWD -- Before find element-->By.name: email
73565 [Test worker] INFO  manager.ListenerWD -- After find element-->By.name: email
73568 [Test worker] INFO  manager.ListenerWD -- Location of element-->input
73573 [Test worker] INFO  manager.ListenerWD -- Before click element -->inputtext-->
73609 [Test worker] INFO  manager.ListenerWD -- After click element -->input
73625 [Test worker] INFO  manager.ListenerWD -- sendKeyds-->
73628 [Test worker] INFO  manager.ListenerWD -- sendKeyds_TagName-->input
73644 [Test worker] INFO  manager.ListenerWD -- Before find element-->By.xpath: //input[@placeholder='Password']
73654 [Test worker] INFO  manager.ListenerWD -- After find element-->By.xpath: //input[@placeholder='Password']
73658 [Test worker] INFO  manager.ListenerWD -- Location of element-->input
73664 [Test worker] INFO  manager.ListenerWD -- Before click element -->inputtext-->
73697 [Test worker] INFO  manager.ListenerWD -- After click element -->input
73715 [Test worker] INFO  manager.ListenerWD -- sendKeyds-->
73718 [Test worker] INFO  manager.ListenerWD -- sendKeyds_TagName-->input
73732 [Test worker] INFO  manager.ListenerWD -- Before find element-->By.xpath: //button[text()='Login']
73741 [Test worker] INFO  manager.ListenerWD -- After find element-->By.xpath: //button[text()='Login']
73744 [Test worker] INFO  manager.ListenerWD -- Location of element-->button
73750 [Test worker] INFO  manager.ListenerWD -- Before click element -->buttontext-->Login
74098 [Test worker] INFO  tests.TestBase -- Assert check is element button 'Sign out' present
74100 [Test worker] INFO  tests.TestBase -- ==============================================
74101 [Test worker] INFO  tests.TestBase -- Name of method (test) --->loginSuccessModelDPF
74112 [Test worker] INFO  manager.ListenerWD -- Before find element-->By.xpath: //button[text()='Sign Out']
74121 [Test worker] INFO  manager.ListenerWD -- After find element-->By.xpath: //button[text()='Sign Out']
74124 [Test worker] INFO  manager.ListenerWD -- Location of element-->button
74130 [Test worker] INFO  manager.ListenerWD -- Before click element -->buttontext-->Sign Out
74164 [Test worker] INFO  tests.TestBase -- Before method finished logout
74166 [Test worker] INFO  tests.TestBase -- Test data---> User{email='margo@gmail.com', password='Mmar123456$'}
74166 [Test worker] INFO  manager.ListenerWD -- Before find element-->By.cssSelector: a[href='/login']
74176 [Test worker] INFO  manager.ListenerWD -- After find element-->By.cssSelector: a[href='/login']
74178 [Test worker] INFO  manager.ListenerWD -- Location of element-->a
74185 [Test worker] INFO  manager.ListenerWD -- Before click element -->atext-->LOGIN
74214 [Test worker] INFO  manager.ListenerWD -- After click element -->a
74214 [Test worker] INFO  manager.ListenerWD -- Before find element-->By.name: email
74224 [Test worker] INFO  manager.ListenerWD -- After find element-->By.name: email
74227 [Test worker] INFO  manager.ListenerWD -- Location of element-->input
74233 [Test worker] INFO  manager.ListenerWD -- Before click element -->inputtext-->
74267 [Test worker] INFO  manager.ListenerWD -- After click element -->input
74284 [Test worker] INFO  manager.ListenerWD -- sendKeyds-->
74286 [Test worker] INFO  manager.ListenerWD -- sendKeyds_TagName-->input
74304 [Test worker] INFO  manager.ListenerWD -- Before find element-->By.xpath: //input[@placeholder='Password']
74313 [Test worker] INFO  manager.ListenerWD -- After find element-->By.xpath: //input[@placeholder='Password']
74317 [Test worker] INFO  manager.ListenerWD -- Location of element-->input
74322 [Test worker] INFO  manager.ListenerWD -- Before click element -->inputtext-->
74354 [Test worker] INFO  manager.ListenerWD -- After click element -->input
74372 [Test worker] INFO  manager.ListenerWD -- sendKeyds-->
74375 [Test worker] INFO  manager.ListenerWD -- sendKeyds_TagName-->input
74392 [Test worker] INFO  manager.ListenerWD -- Before find element-->By.xpath: //button[text()='Login']
74401 [Test worker] INFO  manager.ListenerWD -- After find element-->By.xpath: //button[text()='Login']
74404 [Test worker] INFO  manager.ListenerWD -- Location of element-->button
74410 [Test worker] INFO  manager.ListenerWD -- Before click element -->buttontext-->Login
74751 [Test worker] INFO  tests.TestBase -- Assert check is element button 'Sign out' present
74753 [Test worker] INFO  tests.TestBase -- ==============================================
74753 [Test worker] INFO  tests.TestBase -- Name of method (test) --->loginSuccessModelDPF
74764 [Test worker] INFO  manager.ListenerWD -- Before find element-->By.xpath: //button[text()='Sign Out']
74774 [Test worker] INFO  manager.ListenerWD -- After find element-->By.xpath: //button[text()='Sign Out']
74777 [Test worker] INFO  manager.ListenerWD -- Location of element-->button
74783 [Test worker] INFO  manager.ListenerWD -- Before click element -->buttontext-->Sign Out
74816 [Test worker] INFO  tests.TestBase -- Before method finished logout
74818 [Test worker] INFO  tests.TestBase -- Test data---> User{email='sonya@gmail.com', password='Ss12345$'}
74818 [Test worker] INFO  manager.ListenerWD -- Before find element-->By.cssSelector: a[href='/login']
74828 [Test worker] INFO  manager.ListenerWD -- After find element-->By.cssSelector: a[href='/login']
74831 [Test worker] INFO  manager.ListenerWD -- Location of element-->a
74837 [Test worker] INFO  manager.ListenerWD -- Before click element -->atext-->LOGIN
74865 [Test worker] INFO  manager.ListenerWD -- After click element -->a
74865 [Test worker] INFO  manager.ListenerWD -- Before find element-->By.name: email
74874 [Test worker] INFO  manager.ListenerWD -- After find element-->By.name: email
74876 [Test worker] INFO  manager.ListenerWD -- Location of element-->input
74883 [Test worker] INFO  manager.ListenerWD -- Before click element -->inputtext-->
74915 [Test worker] INFO  manager.ListenerWD -- After click element -->input
74934 [Test worker] INFO  manager.ListenerWD -- sendKeyds-->
74937 [Test worker] INFO  manager.ListenerWD -- sendKeyds_TagName-->input
74954 [Test worker] INFO  manager.ListenerWD -- Before find element-->By.xpath: //input[@placeholder='Password']
74965 [Test worker] INFO  manager.ListenerWD -- After find element-->By.xpath: //input[@placeholder='Password']
74968 [Test worker] INFO  manager.ListenerWD -- Location of element-->input
74974 [Test worker] INFO  manager.ListenerWD -- Before click element -->inputtext-->
75006 [Test worker] INFO  manager.ListenerWD -- After click element -->input
75024 [Test worker] INFO  manager.ListenerWD -- sendKeyds-->
75027 [Test worker] INFO  manager.ListenerWD -- sendKeyds_TagName-->input
75043 [Test worker] INFO  manager.ListenerWD -- Before find element-->By.xpath: //button[text()='Login']
75051 [Test worker] INFO  manager.ListenerWD -- After find element-->By.xpath: //button[text()='Login']
75054 [Test worker] INFO  manager.ListenerWD -- Location of element-->button
75063 [Test worker] INFO  manager.ListenerWD -- Before click element -->buttontext-->Login
75407 [Test worker] INFO  tests.TestBase -- Assert check is element button 'Sign out' present
75409 [Test worker] INFO  tests.TestBase -- ==============================================
75411 [Test worker] INFO  tests.TestBase -- Name of method (test) --->loginSuccessModelDPF
75421 [Test worker] INFO  manager.ListenerWD -- Before find element-->By.xpath: //button[text()='Sign Out']
75430 [Test worker] INFO  manager.ListenerWD -- After find element-->By.xpath: //button[text()='Sign Out']
75433 [Test worker] INFO  manager.ListenerWD -- Location of element-->button
75439 [Test worker] INFO  manager.ListenerWD -- Before click element -->buttontext-->Sign Out
75471 [Test worker] INFO  tests.TestBase -- Before method finished logout
75474 [Test worker] INFO  tests.TestBase -- Test data---> User{email='margo@gmail.com', password='Mmar123456$'}
75474 [Test worker] INFO  manager.ListenerWD -- Before find element-->By.cssSelector: a[href='/login']
75483 [Test worker] INFO  manager.ListenerWD -- After find element-->By.cssSelector: a[href='/login']
75486 [Test worker] INFO  manager.ListenerWD -- Location of element-->a
75493 [Test worker] INFO  manager.ListenerWD -- Before click element -->atext-->LOGIN
75520 [Test worker] INFO  manager.ListenerWD -- After click element -->a
75520 [Test worker] INFO  manager.ListenerWD -- Before find element-->By.name: email
75530 [Test worker] INFO  manager.ListenerWD -- After find element-->By.name: email
75533 [Test worker] INFO  manager.ListenerWD -- Location of element-->input
75540 [Test worker] INFO  manager.ListenerWD -- Before click element -->inputtext-->
75574 [Test worker] INFO  manager.ListenerWD -- After click element -->input
75591 [Test worker] INFO  manager.ListenerWD -- sendKeyds-->
75593 [Test worker] INFO  manager.ListenerWD -- sendKeyds_TagName-->input
75611 [Test worker] INFO  manager.ListenerWD -- Before find element-->By.xpath: //input[@placeholder='Password']
75620 [Test worker] INFO  manager.ListenerWD -- After find element-->By.xpath: //input[@placeholder='Password']
75623 [Test worker] INFO  manager.ListenerWD -- Location of element-->input
75630 [Test worker] INFO  manager.ListenerWD -- Before click element -->inputtext-->
75664 [Test worker] INFO  manager.ListenerWD -- After click element -->input
75681 [Test worker] INFO  manager.ListenerWD -- sendKeyds-->
75684 [Test worker] INFO  manager.ListenerWD -- sendKeyds_TagName-->input
75700 [Test worker] INFO  manager.ListenerWD -- Before find element-->By.xpath: //button[text()='Login']
75709 [Test worker] INFO  manager.ListenerWD -- After find element-->By.xpath: //button[text()='Login']
75713 [Test worker] INFO  manager.ListenerWD -- Location of element-->button
75719 [Test worker] INFO  manager.ListenerWD -- Before click element -->buttontext-->Login
76068 [Test worker] INFO  tests.TestBase -- Assert check is element button 'Sign out' present
76070 [Test worker] INFO  tests.TestBase -- ==============================================
76071 [Test worker] INFO  tests.TestBase -- Name of method (test) --->loginUnregisteredUser
76085 [Test worker] INFO  manager.ListenerWD -- Before find element-->By.xpath: //button[text()='Sign Out']
76094 [Test worker] INFO  manager.ListenerWD -- After find element-->By.xpath: //button[text()='Sign Out']
76097 [Test worker] INFO  manager.ListenerWD -- Location of element-->button
76103 [Test worker] INFO  manager.ListenerWD -- Before click element -->buttontext-->Sign Out
76137 [Test worker] INFO  tests.TestBase -- Before method finished logout
76139 [Test worker] INFO  tests.TestBase -- Test data---> email: 'margo_m@gmail.com' & password: 'Mmar123456$'
76139 [Test worker] INFO  manager.ListenerWD -- Before find element-->By.cssSelector: a[href='/login']
76150 [Test worker] INFO  manager.ListenerWD -- After find element-->By.cssSelector: a[href='/login']
76153 [Test worker] INFO  manager.ListenerWD -- Location of element-->a
76160 [Test worker] INFO  manager.ListenerWD -- Before click element -->atext-->LOGIN
76188 [Test worker] INFO  manager.ListenerWD -- After click element -->a
76188 [Test worker] INFO  manager.ListenerWD -- Before find element-->By.name: email
76198 [Test worker] INFO  manager.ListenerWD -- After find element-->By.name: email
76200 [Test worker] INFO  manager.ListenerWD -- Location of element-->input
76207 [Test worker] INFO  manager.ListenerWD -- Before click element -->inputtext-->
76243 [Test worker] INFO  manager.ListenerWD -- After click element -->input
76260 [Test worker] INFO  manager.ListenerWD -- sendKeyds-->
76263 [Test worker] INFO  manager.ListenerWD -- sendKeyds_TagName-->input
76281 [Test worker] INFO  manager.ListenerWD -- Before find element-->By.xpath: //input[@placeholder='Password']
76290 [Test worker] INFO  manager.ListenerWD -- After find element-->By.xpath: //input[@placeholder='Password']
76293 [Test worker] INFO  manager.ListenerWD -- Location of element-->input
76299 [Test worker] INFO  manager.ListenerWD -- Before click element -->inputtext-->
76331 [Test worker] INFO  manager.ListenerWD -- After click element -->input
76348 [Test worker] INFO  manager.ListenerWD -- sendKeyds-->
76351 [Test worker] INFO  manager.ListenerWD -- sendKeyds_TagName-->input
76369 [Test worker] INFO  manager.ListenerWD -- Before find element-->By.xpath: //button[text()='Login']
76379 [Test worker] INFO  manager.ListenerWD -- After find element-->By.xpath: //button[text()='Login']
76382 [Test worker] INFO  manager.ListenerWD -- Location of element-->button
76388 [Test worker] INFO  manager.ListenerWD -- Before click element -->buttontext-->Login
76421 [Test worker] INFO  manager.ListenerWD -- Huston, we have a problem!
76421 [Test worker] INFO  manager.ListenerWD -- Failed method:alert
76421 [Test worker] INFO  manager.ListenerWD -- ***************
76421 [Test worker] INFO  manager.ListenerWD -- Arguments:null
76421 [Test worker] INFO  manager.ListenerWD -- ***************
76421 [Test worker] INFO  manager.ListenerWD -- Exception:NoAlertPresentException
76421 [Test worker] INFO  manager.ListenerWD -- ***************
76421 [Test worker] INFO  manager.ListenerWD -- Messageno such alert
  (Session info: chrome=148.0.7778.216)
Build info: version: '4.26.0', revision: '8ccf0219d7'
System info: os.name: 'Windows 11', os.arch: 'amd64', os.version: '10.0', java.version: '21.0.10'
Driver info: org.openqa.selenium.chrome.ChromeDriver
Command: [fb0ea402cd5bd0780774048813ff24e4, getAlertText {}]
Capabilities {acceptInsecureCerts: false, browserName: chrome, browserVersion: 148.0.7778.216, chrome: {chromedriverVersion: 148.0.7778.167 (65db666ac2c..., userDataDir: C:\Users\Pavlova\AppData\Lo...}, fedcm:accounts: true, goog:chromeOptions: {debuggerAddress: localhost:29256}, goog:processID: 2668, networkConnectionEnabled: false, pageLoadStrategy: normal, platformName: windows, proxy: Proxy(), se:cdp: ws://localhost:29256/devtoo..., se:cdpVersion: 148.0.7778.216, setWindowRect: true, strictFileInteractability: false, timeouts: {implicit: 0, pageLoad: 300000, script: 30000}, unhandledPromptBehavior: dismiss and notify, webauthn:extension:credBlob: true, webauthn:extension:largeBlob: true, webauthn:extension:minPinLength: true, webauthn:extension:prf: true, webauthn:virtualAuthenticators: true}
Session ID: fb0ea402cd5bd0780774048813ff24e4
76421 [Test worker] INFO  manager.ListenerWD -- ***************
76421 [Test worker] INFO  manager.ListenerWD -- ***************
76421 [Test worker] INFO  manager.ListenerWD -- Screen with error is--->src/test/screenshots/screen_1411.png
76938 [Test worker] INFO  tests.TestBase -- Assert check is alert present with error text 'Wrong email or password'
76941 [Test worker] INFO  tests.TestBase -- ==============================================
76943 [Test worker] INFO  tests.TestBase -- Name of method (test) --->loginWrongEmail
81990 [Test worker] INFO  tests.TestBase -- Test data---> email: 'margogmail.com' & password: 'Mmar123456$'
81990 [Test worker] INFO  manager.ListenerWD -- Before find element-->By.cssSelector: a[href='/login']
81999 [Test worker] INFO  manager.ListenerWD -- After find element-->By.cssSelector: a[href='/login']
82002 [Test worker] INFO  manager.ListenerWD -- Location of element-->a
82008 [Test worker] INFO  manager.ListenerWD -- Before click element -->atext-->LOGIN
82038 [Test worker] INFO  manager.ListenerWD -- After click element -->a
82038 [Test worker] INFO  manager.ListenerWD -- Before find element-->By.name: email
82049 [Test worker] INFO  manager.ListenerWD -- After find element-->By.name: email
82051 [Test worker] INFO  manager.ListenerWD -- Location of element-->input
82059 [Test worker] INFO  manager.ListenerWD -- Before click element -->inputtext-->
82089 [Test worker] INFO  manager.ListenerWD -- After click element -->input
82108 [Test worker] INFO  manager.ListenerWD -- sendKeyds-->
82110 [Test worker] INFO  manager.ListenerWD -- sendKeyds_TagName-->input
82137 [Test worker] INFO  manager.ListenerWD -- Before find element-->By.xpath: //input[@placeholder='Password']
82146 [Test worker] INFO  manager.ListenerWD -- After find element-->By.xpath: //input[@placeholder='Password']
82149 [Test worker] INFO  manager.ListenerWD -- Location of element-->input
82154 [Test worker] INFO  manager.ListenerWD -- Before click element -->inputtext-->
82185 [Test worker] INFO  manager.ListenerWD -- After click element -->input
82203 [Test worker] INFO  manager.ListenerWD -- sendKeyds-->
82207 [Test worker] INFO  manager.ListenerWD -- sendKeyds_TagName-->input
82230 [Test worker] INFO  manager.ListenerWD -- Before find element-->By.xpath: //button[text()='Login']
82239 [Test worker] INFO  manager.ListenerWD -- After find element-->By.xpath: //button[text()='Login']
82242 [Test worker] INFO  manager.ListenerWD -- Location of element-->button
82249 [Test worker] INFO  manager.ListenerWD -- Before click element -->buttontext-->Login
82282 [Test worker] INFO  manager.ListenerWD -- Huston, we have a problem!
82282 [Test worker] INFO  manager.ListenerWD -- Failed method:alert
82282 [Test worker] INFO  manager.ListenerWD -- ***************
82282 [Test worker] INFO  manager.ListenerWD -- Arguments:null
82282 [Test worker] INFO  manager.ListenerWD -- ***************
82282 [Test worker] INFO  manager.ListenerWD -- Exception:NoAlertPresentException
82282 [Test worker] INFO  manager.ListenerWD -- ***************
82282 [Test worker] INFO  manager.ListenerWD -- Messageno such alert
  (Session info: chrome=148.0.7778.216)
Build info: version: '4.26.0', revision: '8ccf0219d7'
System info: os.name: 'Windows 11', os.arch: 'amd64', os.version: '10.0', java.version: '21.0.10'
Driver info: org.openqa.selenium.chrome.ChromeDriver
Command: [fb0ea402cd5bd0780774048813ff24e4, getAlertText {}]
Capabilities {acceptInsecureCerts: false, browserName: chrome, browserVersion: 148.0.7778.216, chrome: {chromedriverVersion: 148.0.7778.167 (65db666ac2c..., userDataDir: C:\Users\Pavlova\AppData\Lo...}, fedcm:accounts: true, goog:chromeOptions: {debuggerAddress: localhost:29256}, goog:processID: 2668, networkConnectionEnabled: false, pageLoadStrategy: normal, platformName: windows, proxy: Proxy(), se:cdp: ws://localhost:29256/devtoo..., se:cdpVersion: 148.0.7778.216, setWindowRect: true, strictFileInteractability: false, timeouts: {implicit: 0, pageLoad: 300000, script: 30000}, unhandledPromptBehavior: dismiss and notify, webauthn:extension:credBlob: true, webauthn:extension:largeBlob: true, webauthn:extension:minPinLength: true, webauthn:extension:prf: true, webauthn:virtualAuthenticators: true}
Session ID: fb0ea402cd5bd0780774048813ff24e4
82282 [Test worker] INFO  manager.ListenerWD -- ***************
82282 [Test worker] INFO  manager.ListenerWD -- ***************
82282 [Test worker] INFO  manager.ListenerWD -- Screen with error is--->src/test/screenshots/screen_1127.png
82800 [Test worker] INFO  tests.TestBase -- Assert check is alert present with error text 'Wrong email or password'
82802 [Test worker] INFO  tests.TestBase -- ==============================================
82804 [Test worker] INFO  tests.TestBase -- Name of method (test) --->loginWrongPassword
87837 [Test worker] INFO  tests.TestBase -- Test data---> email: 'margo@gmail.com' & password: 'Mmar123'
87837 [Test worker] INFO  manager.ListenerWD -- Before find element-->By.cssSelector: a[href='/login']
87848 [Test worker] INFO  manager.ListenerWD -- After find element-->By.cssSelector: a[href='/login']
87851 [Test worker] INFO  manager.ListenerWD -- Location of element-->a
87857 [Test worker] INFO  manager.ListenerWD -- Before click element -->atext-->LOGIN
87886 [Test worker] INFO  manager.ListenerWD -- After click element -->a
87886 [Test worker] INFO  manager.ListenerWD -- Before find element-->By.name: email
87898 [Test worker] INFO  manager.ListenerWD -- After find element-->By.name: email
87900 [Test worker] INFO  manager.ListenerWD -- Location of element-->input
87906 [Test worker] INFO  manager.ListenerWD -- Before click element -->inputtext-->
87936 [Test worker] INFO  manager.ListenerWD -- After click element -->input
87953 [Test worker] INFO  manager.ListenerWD -- sendKeyds-->
87955 [Test worker] INFO  manager.ListenerWD -- sendKeyds_TagName-->input
87980 [Test worker] INFO  manager.ListenerWD -- Before find element-->By.xpath: //input[@placeholder='Password']
87990 [Test worker] INFO  manager.ListenerWD -- After find element-->By.xpath: //input[@placeholder='Password']
87993 [Test worker] INFO  manager.ListenerWD -- Location of element-->input
87999 [Test worker] INFO  manager.ListenerWD -- Before click element -->inputtext-->
88027 [Test worker] INFO  manager.ListenerWD -- After click element -->input
88044 [Test worker] INFO  manager.ListenerWD -- sendKeyds-->
88046 [Test worker] INFO  manager.ListenerWD -- sendKeyds_TagName-->input
88069 [Test worker] INFO  manager.ListenerWD -- Before find element-->By.xpath: //button[text()='Login']
88079 [Test worker] INFO  manager.ListenerWD -- After find element-->By.xpath: //button[text()='Login']
88082 [Test worker] INFO  manager.ListenerWD -- Location of element-->button
88088 [Test worker] INFO  manager.ListenerWD -- Before click element -->buttontext-->Login
88121 [Test worker] INFO  manager.ListenerWD -- Huston, we have a problem!
88121 [Test worker] INFO  manager.ListenerWD -- Failed method:alert
88121 [Test worker] INFO  manager.ListenerWD -- ***************
88121 [Test worker] INFO  manager.ListenerWD -- Arguments:null
88121 [Test worker] INFO  manager.ListenerWD -- ***************
88121 [Test worker] INFO  manager.ListenerWD -- Exception:NoAlertPresentException
88121 [Test worker] INFO  manager.ListenerWD -- ***************
88121 [Test worker] INFO  manager.ListenerWD -- Messageno such alert
  (Session info: chrome=148.0.7778.216)
Build info: version: '4.26.0', revision: '8ccf0219d7'
System info: os.name: 'Windows 11', os.arch: 'amd64', os.version: '10.0', java.version: '21.0.10'
Driver info: org.openqa.selenium.chrome.ChromeDriver
Command: [fb0ea402cd5bd0780774048813ff24e4, getAlertText {}]
Capabilities {acceptInsecureCerts: false, browserName: chrome, browserVersion: 148.0.7778.216, chrome: {chromedriverVersion: 148.0.7778.167 (65db666ac2c..., userDataDir: C:\Users\Pavlova\AppData\Lo...}, fedcm:accounts: true, goog:chromeOptions: {debuggerAddress: localhost:29256}, goog:processID: 2668, networkConnectionEnabled: false, pageLoadStrategy: normal, platformName: windows, proxy: Proxy(), se:cdp: ws://localhost:29256/devtoo..., se:cdpVersion: 148.0.7778.216, setWindowRect: true, strictFileInteractability: false, timeouts: {implicit: 0, pageLoad: 300000, script: 30000}, unhandledPromptBehavior: dismiss and notify, webauthn:extension:credBlob: true, webauthn:extension:largeBlob: true, webauthn:extension:minPinLength: true, webauthn:extension:prf: true, webauthn:virtualAuthenticators: true}
Session ID: fb0ea402cd5bd0780774048813ff24e4
88121 [Test worker] INFO  manager.ListenerWD -- ***************
88121 [Test worker] INFO  manager.ListenerWD -- ***************
88121 [Test worker] INFO  manager.ListenerWD -- Screen with error is--->src/test/screenshots/screen_1768.png
88634 [Test worker] INFO  tests.TestBase -- Assert check is alert present with error text 'Wrong email or password'
88637 [Test worker] INFO  tests.TestBase -- ==============================================
88640 [Test worker] INFO  tests.TestBase -- Name of method (test) --->registrationLose
93678 [Test worker] INFO  tests.TestBase -- Registration Test data ---> email: 'ззщшщг@gmail.com & password: '20042005'
93679 [Test worker] INFO  manager.ListenerWD -- Before find element-->By.cssSelector: a[href='/login']
93690 [Test worker] INFO  manager.ListenerWD -- After find element-->By.cssSelector: a[href='/login']
93693 [Test worker] INFO  manager.ListenerWD -- Location of element-->a
93699 [Test worker] INFO  manager.ListenerWD -- Before click element -->atext-->LOGIN
93729 [Test worker] INFO  manager.ListenerWD -- After click element -->a
93729 [Test worker] INFO  manager.ListenerWD -- Before find element-->By.name: email
93738 [Test worker] INFO  manager.ListenerWD -- After find element-->By.name: email
93741 [Test worker] INFO  manager.ListenerWD -- Location of element-->input
93748 [Test worker] INFO  manager.ListenerWD -- Before click element -->inputtext-->
93779 [Test worker] INFO  manager.ListenerWD -- After click element -->input
93797 [Test worker] INFO  manager.ListenerWD -- sendKeyds-->
93799 [Test worker] INFO  manager.ListenerWD -- sendKeyds_TagName-->input
93829 [Test worker] INFO  manager.ListenerWD -- Before find element-->By.xpath: //input[@placeholder='Password']
93839 [Test worker] INFO  manager.ListenerWD -- After find element-->By.xpath: //input[@placeholder='Password']
93841 [Test worker] INFO  manager.ListenerWD -- Location of element-->input
93847 [Test worker] INFO  manager.ListenerWD -- Before click element -->inputtext-->
93883 [Test worker] INFO  manager.ListenerWD -- After click element -->input
93901 [Test worker] INFO  manager.ListenerWD -- sendKeyds-->
93903 [Test worker] INFO  manager.ListenerWD -- sendKeyds_TagName-->input
93925 [Test worker] INFO  manager.ListenerWD -- Before find element-->By.xpath: //Button[text()='Registration']
93938 [Test worker] INFO  manager.ListenerWD -- After find element-->By.xpath: //Button[text()='Registration']
93941 [Test worker] INFO  manager.ListenerWD -- Location of element-->button
93947 [Test worker] INFO  manager.ListenerWD -- Before click element -->buttontext-->Registration
93981 [Test worker] INFO  manager.ListenerWD -- Huston, we have a problem!
93981 [Test worker] INFO  manager.ListenerWD -- Failed method:alert
93981 [Test worker] INFO  manager.ListenerWD -- ***************
93981 [Test worker] INFO  manager.ListenerWD -- Arguments:null
93981 [Test worker] INFO  manager.ListenerWD -- ***************
93981 [Test worker] INFO  manager.ListenerWD -- Exception:NoAlertPresentException
93981 [Test worker] INFO  manager.ListenerWD -- ***************
93981 [Test worker] INFO  manager.ListenerWD -- Messageno such alert
  (Session info: chrome=148.0.7778.216)
Build info: version: '4.26.0', revision: '8ccf0219d7'
System info: os.name: 'Windows 11', os.arch: 'amd64', os.version: '10.0', java.version: '21.0.10'
Driver info: org.openqa.selenium.chrome.ChromeDriver
Command: [fb0ea402cd5bd0780774048813ff24e4, getAlertText {}]
Capabilities {acceptInsecureCerts: false, browserName: chrome, browserVersion: 148.0.7778.216, chrome: {chromedriverVersion: 148.0.7778.167 (65db666ac2c..., userDataDir: C:\Users\Pavlova\AppData\Lo...}, fedcm:accounts: true, goog:chromeOptions: {debuggerAddress: localhost:29256}, goog:processID: 2668, networkConnectionEnabled: false, pageLoadStrategy: normal, platformName: windows, proxy: Proxy(), se:cdp: ws://localhost:29256/devtoo..., se:cdpVersion: 148.0.7778.216, setWindowRect: true, strictFileInteractability: false, timeouts: {implicit: 0, pageLoad: 300000, script: 30000}, unhandledPromptBehavior: dismiss and notify, webauthn:extension:credBlob: true, webauthn:extension:largeBlob: true, webauthn:extension:minPinLength: true, webauthn:extension:prf: true, webauthn:virtualAuthenticators: true}
Session ID: fb0ea402cd5bd0780774048813ff24e4
93981 [Test worker] INFO  manager.ListenerWD -- ***************
93981 [Test worker] INFO  manager.ListenerWD -- ***************
93981 [Test worker] INFO  manager.ListenerWD -- Screen with error is--->src/test/screenshots/screen_1363.png
94504 [Test worker] INFO  tests.TestBase -- Assert check is alert present with error text 'No Contacts here!'
94507 [Test worker] INFO  tests.TestBase -- ==============================================
94509 [Test worker] INFO  tests.TestBase -- Name of method (test) --->registrationLose2
99544 [Test worker] INFO  tests.TestBase -- Registration Test data ---> email: 'יעיעיע@gmail.com & password: '890665R'
99546 [Test worker] INFO  manager.ListenerWD -- Before find element-->By.cssSelector: a[href='/login']
99556 [Test worker] INFO  manager.ListenerWD -- After find element-->By.cssSelector: a[href='/login']
99560 [Test worker] INFO  manager.ListenerWD -- Location of element-->a
99566 [Test worker] INFO  manager.ListenerWD -- Before click element -->atext-->LOGIN
99596 [Test worker] INFO  manager.ListenerWD -- After click element -->a
99596 [Test worker] INFO  manager.ListenerWD -- Before find element-->By.name: email
99606 [Test worker] INFO  manager.ListenerWD -- After find element-->By.name: email
99609 [Test worker] INFO  manager.ListenerWD -- Location of element-->input
99615 [Test worker] INFO  manager.ListenerWD -- Before click element -->inputtext-->
99647 [Test worker] INFO  manager.ListenerWD -- After click element -->input
99666 [Test worker] INFO  manager.ListenerWD -- sendKeyds-->
99668 [Test worker] INFO  manager.ListenerWD -- sendKeyds_TagName-->input
99698 [Test worker] INFO  manager.ListenerWD -- Before find element-->By.xpath: //input[@placeholder='Password']
99707 [Test worker] INFO  manager.ListenerWD -- After find element-->By.xpath: //input[@placeholder='Password']
99711 [Test worker] INFO  manager.ListenerWD -- Location of element-->input
99720 [Test worker] INFO  manager.ListenerWD -- Before click element -->inputtext-->
99749 [Test worker] INFO  manager.ListenerWD -- After click element -->input
99766 [Test worker] INFO  manager.ListenerWD -- sendKeyds-->
99768 [Test worker] INFO  manager.ListenerWD -- sendKeyds_TagName-->input
99794 [Test worker] INFO  manager.ListenerWD -- Before find element-->By.xpath: //Button[text()='Registration']
99804 [Test worker] INFO  manager.ListenerWD -- After find element-->By.xpath: //Button[text()='Registration']
99807 [Test worker] INFO  manager.ListenerWD -- Location of element-->button
99813 [Test worker] INFO  manager.ListenerWD -- Before click element -->buttontext-->Registration
99848 [Test worker] INFO  manager.ListenerWD -- Huston, we have a problem!
99848 [Test worker] INFO  manager.ListenerWD -- Failed method:alert
99848 [Test worker] INFO  manager.ListenerWD -- ***************
99848 [Test worker] INFO  manager.ListenerWD -- Arguments:null
99848 [Test worker] INFO  manager.ListenerWD -- ***************
99848 [Test worker] INFO  manager.ListenerWD -- Exception:NoAlertPresentException
99848 [Test worker] INFO  manager.ListenerWD -- ***************
99848 [Test worker] INFO  manager.ListenerWD -- Messageno such alert
  (Session info: chrome=148.0.7778.216)
Build info: version: '4.26.0', revision: '8ccf0219d7'
System info: os.name: 'Windows 11', os.arch: 'amd64', os.version: '10.0', java.version: '21.0.10'
Driver info: org.openqa.selenium.chrome.ChromeDriver
Command: [fb0ea402cd5bd0780774048813ff24e4, getAlertText {}]
Capabilities {acceptInsecureCerts: false, browserName: chrome, browserVersion: 148.0.7778.216, chrome: {chromedriverVersion: 148.0.7778.167 (65db666ac2c..., userDataDir: C:\Users\Pavlova\AppData\Lo...}, fedcm:accounts: true, goog:chromeOptions: {debuggerAddress: localhost:29256}, goog:processID: 2668, networkConnectionEnabled: false, pageLoadStrategy: normal, platformName: windows, proxy: Proxy(), se:cdp: ws://localhost:29256/devtoo..., se:cdpVersion: 148.0.7778.216, setWindowRect: true, strictFileInteractability: false, timeouts: {implicit: 0, pageLoad: 300000, script: 30000}, unhandledPromptBehavior: dismiss and notify, webauthn:extension:credBlob: true, webauthn:extension:largeBlob: true, webauthn:extension:minPinLength: true, webauthn:extension:prf: true, webauthn:virtualAuthenticators: true}
Session ID: fb0ea402cd5bd0780774048813ff24e4
99849 [Test worker] INFO  manager.ListenerWD -- ***************
99849 [Test worker] INFO  manager.ListenerWD -- ***************
99849 [Test worker] INFO  manager.ListenerWD -- Screen with error is--->src/test/screenshots/screen_1275.png
100373 [Test worker] INFO  tests.TestBase -- Assert check is alert present with error text 'Wrong email or password'
100374 [Test worker] INFO  tests.TestBase -- ==============================================
100376 [Test worker] INFO  tests.TestBase -- Name of method (test) --->registrationSuccess
105418 [Test worker] INFO  tests.TestBase -- Start test with name 'registrationSuccess'
105418 [Test worker] INFO  tests.TestBase -- Registration Test data ---> email: 'pavlova@gmail.com & password: 'Pablo_1001#'
105418 [Test worker] INFO  manager.ListenerWD -- Before find element-->By.cssSelector: a[href='/login']
105429 [Test worker] INFO  manager.ListenerWD -- After find element-->By.cssSelector: a[href='/login']
105433 [Test worker] INFO  manager.ListenerWD -- Location of element-->a
105439 [Test worker] INFO  manager.ListenerWD -- Before click element -->atext-->LOGIN
105469 [Test worker] INFO  manager.ListenerWD -- After click element -->a
105469 [Test worker] INFO  manager.ListenerWD -- Before find element-->By.name: email
105480 [Test worker] INFO  manager.ListenerWD -- After find element-->By.name: email
105482 [Test worker] INFO  manager.ListenerWD -- Location of element-->input
105488 [Test worker] INFO  manager.ListenerWD -- Before click element -->inputtext-->
105517 [Test worker] INFO  manager.ListenerWD -- After click element -->input
105536 [Test worker] INFO  manager.ListenerWD -- sendKeyds-->
105538 [Test worker] INFO  manager.ListenerWD -- sendKeyds_TagName-->input
105566 [Test worker] INFO  manager.ListenerWD -- Before find element-->By.xpath: //input[@placeholder='Password']
105575 [Test worker] INFO  manager.ListenerWD -- After find element-->By.xpath: //input[@placeholder='Password']
105579 [Test worker] INFO  manager.ListenerWD -- Location of element-->input
105585 [Test worker] INFO  manager.ListenerWD -- Before click element -->inputtext-->
105614 [Test worker] INFO  manager.ListenerWD -- After click element -->input
105630 [Test worker] INFO  manager.ListenerWD -- sendKeyds-->
105633 [Test worker] INFO  manager.ListenerWD -- sendKeyds_TagName-->input
105657 [Test worker] INFO  manager.ListenerWD -- Before find element-->By.xpath: //Button[text()='Registration']
105668 [Test worker] INFO  manager.ListenerWD -- After find element-->By.xpath: //Button[text()='Registration']
105671 [Test worker] INFO  manager.ListenerWD -- Location of element-->button
105677 [Test worker] INFO  manager.ListenerWD -- Before click element -->buttontext-->Registration
105705 [Test worker] INFO  manager.ListenerWD -- Before find element-->By.cssSelector: .contact-page_message__2qafk>h1
106211 [Test worker] INFO  manager.ListenerWD -- After find element-->By.cssSelector: .contact-page_message__2qafk>h1
106214 [Test worker] INFO  manager.ListenerWD -- Location of element-->h1
106220 [Test worker] INFO  tests.TestBase -- Assert check is alert present with  text 'No Contacts here!'
106221 [Test worker] INFO  tests.TestBase -- ==============================================
106223 [Test worker] INFO  tests.TestBase -- Name of method (test) --->removeAllContacts
111281 [Test worker] INFO  manager.ListenerWD -- Before find element-->By.xpath: //a[@href='/add']
111292 [Test worker] INFO  manager.ListenerWD -- After find element-->By.xpath: //a[@href='/add']
111296 [Test worker] INFO  manager.ListenerWD -- Location of element-->a
111301 [Test worker] INFO  manager.ListenerWD -- Before click element -->atext-->ADD
111334 [Test worker] INFO  manager.ListenerWD -- After click element -->a
111334 [Test worker] INFO  manager.ListenerWD -- Before find element-->By.xpath: //input[@placeholder='Name']
111345 [Test worker] INFO  manager.ListenerWD -- After find element-->By.xpath: //input[@placeholder='Name']
111349 [Test worker] INFO  manager.ListenerWD -- Location of element-->input
111354 [Test worker] INFO  manager.ListenerWD -- Before click element -->inputtext-->
111384 [Test worker] INFO  manager.ListenerWD -- After click element -->input
111401 [Test worker] INFO  manager.ListenerWD -- sendKeyds-->
111402 [Test worker] INFO  manager.ListenerWD -- sendKeyds_TagName-->input
111416 [Test worker] INFO  manager.ListenerWD -- Before find element-->By.xpath: //input[@placeholder='Last Name']
111424 [Test worker] INFO  manager.ListenerWD -- After find element-->By.xpath: //input[@placeholder='Last Name']
111428 [Test worker] INFO  manager.ListenerWD -- Location of element-->input
111434 [Test worker] INFO  manager.ListenerWD -- Before click element -->inputtext-->
111462 [Test worker] INFO  manager.ListenerWD -- After click element -->input
111479 [Test worker] INFO  manager.ListenerWD -- sendKeyds-->
111481 [Test worker] INFO  manager.ListenerWD -- sendKeyds_TagName-->input
111496 [Test worker] INFO  manager.ListenerWD -- Before find element-->By.xpath: //input[@placeholder='Phone']
111507 [Test worker] INFO  manager.ListenerWD -- After find element-->By.xpath: //input[@placeholder='Phone']
111509 [Test worker] INFO  manager.ListenerWD -- Location of element-->input
111516 [Test worker] INFO  manager.ListenerWD -- Before click element -->inputtext-->
111546 [Test worker] INFO  manager.ListenerWD -- After click element -->input
111562 [Test worker] INFO  manager.ListenerWD -- sendKeyds-->
111564 [Test worker] INFO  manager.ListenerWD -- sendKeyds_TagName-->input
111580 [Test worker] INFO  manager.ListenerWD -- Before find element-->By.xpath: //input[@placeholder='email']
111589 [Test worker] INFO  manager.ListenerWD -- After find element-->By.xpath: //input[@placeholder='email']
111593 [Test worker] INFO  manager.ListenerWD -- Location of element-->input
111599 [Test worker] INFO  manager.ListenerWD -- Before click element -->inputtext-->
111628 [Test worker] INFO  manager.ListenerWD -- After click element -->input
111646 [Test worker] INFO  manager.ListenerWD -- sendKeyds-->
111648 [Test worker] INFO  manager.ListenerWD -- sendKeyds_TagName-->input
111668 [Test worker] INFO  manager.ListenerWD -- Before find element-->By.xpath: //input[@placeholder='Address']
111676 [Test worker] INFO  manager.ListenerWD -- After find element-->By.xpath: //input[@placeholder='Address']
111679 [Test worker] INFO  manager.ListenerWD -- Location of element-->input
111685 [Test worker] INFO  manager.ListenerWD -- Before click element -->inputtext-->
111714 [Test worker] INFO  manager.ListenerWD -- After click element -->input
111736 [Test worker] INFO  manager.ListenerWD -- sendKeyds-->
111738 [Test worker] INFO  manager.ListenerWD -- sendKeyds_TagName-->input
111754 [Test worker] INFO  manager.ListenerWD -- Before find element-->By.xpath: //input[@placeholder='description']
111763 [Test worker] INFO  manager.ListenerWD -- After find element-->By.xpath: //input[@placeholder='description']
111766 [Test worker] INFO  manager.ListenerWD -- Location of element-->input
111773 [Test worker] INFO  manager.ListenerWD -- Before click element -->inputtext-->
111801 [Test worker] INFO  manager.ListenerWD -- After click element -->input
111819 [Test worker] INFO  manager.ListenerWD -- sendKeyds-->
111821 [Test worker] INFO  manager.ListenerWD -- sendKeyds_TagName-->input
111836 [Test worker] INFO  manager.ListenerWD -- Before find element-->By.xpath: //b[text()='Save']
111846 [Test worker] INFO  manager.ListenerWD -- After find element-->By.xpath: //b[text()='Save']
111849 [Test worker] INFO  manager.ListenerWD -- Location of element-->b
111856 [Test worker] INFO  manager.ListenerWD -- Before click element -->btext-->Save
111885 [Test worker] INFO  manager.ListenerWD -- After click element -->b
112391 [Test worker] INFO  manager.ListenerWD -- Before find element-->By.xpath: //a[@href='/add']
112400 [Test worker] INFO  manager.ListenerWD -- After find element-->By.xpath: //a[@href='/add']
112404 [Test worker] INFO  manager.ListenerWD -- Location of element-->a
112410 [Test worker] INFO  manager.ListenerWD -- Before click element -->atext-->ADD
112442 [Test worker] INFO  manager.ListenerWD -- After click element -->a
112442 [Test worker] INFO  manager.ListenerWD -- Before find element-->By.xpath: //input[@placeholder='Name']
112451 [Test worker] INFO  manager.ListenerWD -- After find element-->By.xpath: //input[@placeholder='Name']
112454 [Test worker] INFO  manager.ListenerWD -- Location of element-->input
112461 [Test worker] INFO  manager.ListenerWD -- Before click element -->inputtext-->
112491 [Test worker] INFO  manager.ListenerWD -- After click element -->input
112509 [Test worker] INFO  manager.ListenerWD -- sendKeyds-->
112511 [Test worker] INFO  manager.ListenerWD -- sendKeyds_TagName-->input
112524 [Test worker] INFO  manager.ListenerWD -- Before find element-->By.xpath: //input[@placeholder='Last Name']
112534 [Test worker] INFO  manager.ListenerWD -- After find element-->By.xpath: //input[@placeholder='Last Name']
112536 [Test worker] INFO  manager.ListenerWD -- Location of element-->input
112543 [Test worker] INFO  manager.ListenerWD -- Before click element -->inputtext-->
112571 [Test worker] INFO  manager.ListenerWD -- After click element -->input
112588 [Test worker] INFO  manager.ListenerWD -- sendKeyds-->
112590 [Test worker] INFO  manager.ListenerWD -- sendKeyds_TagName-->input
112604 [Test worker] INFO  manager.ListenerWD -- Before find element-->By.xpath: //input[@placeholder='Phone']
112614 [Test worker] INFO  manager.ListenerWD -- After find element-->By.xpath: //input[@placeholder='Phone']
112616 [Test worker] INFO  manager.ListenerWD -- Location of element-->input
112623 [Test worker] INFO  manager.ListenerWD -- Before click element -->inputtext-->
112653 [Test worker] INFO  manager.ListenerWD -- After click element -->input
112672 [Test worker] INFO  manager.ListenerWD -- sendKeyds-->
112673 [Test worker] INFO  manager.ListenerWD -- sendKeyds_TagName-->input
112692 [Test worker] INFO  manager.ListenerWD -- Before find element-->By.xpath: //input[@placeholder='email']
112700 [Test worker] INFO  manager.ListenerWD -- After find element-->By.xpath: //input[@placeholder='email']
112703 [Test worker] INFO  manager.ListenerWD -- Location of element-->input
112709 [Test worker] INFO  manager.ListenerWD -- Before click element -->inputtext-->
112738 [Test worker] INFO  manager.ListenerWD -- After click element -->input
112754 [Test worker] INFO  manager.ListenerWD -- sendKeyds-->
112756 [Test worker] INFO  manager.ListenerWD -- sendKeyds_TagName-->input
112776 [Test worker] INFO  manager.ListenerWD -- Before find element-->By.xpath: //input[@placeholder='Address']
112786 [Test worker] INFO  manager.ListenerWD -- After find element-->By.xpath: //input[@placeholder='Address']
112788 [Test worker] INFO  manager.ListenerWD -- Location of element-->input
112794 [Test worker] INFO  manager.ListenerWD -- Before click element -->inputtext-->
112821 [Test worker] INFO  manager.ListenerWD -- After click element -->input
112838 [Test worker] INFO  manager.ListenerWD -- sendKeyds-->
112840 [Test worker] INFO  manager.ListenerWD -- sendKeyds_TagName-->input
112854 [Test worker] INFO  manager.ListenerWD -- Before find element-->By.xpath: //input[@placeholder='description']
112864 [Test worker] INFO  manager.ListenerWD -- After find element-->By.xpath: //input[@placeholder='description']
112867 [Test worker] INFO  manager.ListenerWD -- Location of element-->input
112873 [Test worker] INFO  manager.ListenerWD -- Before click element -->inputtext-->
112900 [Test worker] INFO  manager.ListenerWD -- After click element -->input
112916 [Test worker] INFO  manager.ListenerWD -- sendKeyds-->
112918 [Test worker] INFO  manager.ListenerWD -- sendKeyds_TagName-->input
112933 [Test worker] INFO  manager.ListenerWD -- Before find element-->By.xpath: //b[text()='Save']
112942 [Test worker] INFO  manager.ListenerWD -- After find element-->By.xpath: //b[text()='Save']
112945 [Test worker] INFO  manager.ListenerWD -- Location of element-->b
112951 [Test worker] INFO  manager.ListenerWD -- Before click element -->btext-->Save
112977 [Test worker] INFO  manager.ListenerWD -- After click element -->b
113484 [Test worker] INFO  manager.ListenerWD -- Before find element-->By.xpath: //a[@href='/add']
113495 [Test worker] INFO  manager.ListenerWD -- After find element-->By.xpath: //a[@href='/add']
113498 [Test worker] INFO  manager.ListenerWD -- Location of element-->a
113512 [Test worker] INFO  manager.ListenerWD -- Before click element -->atext-->ADD
113548 [Test worker] INFO  manager.ListenerWD -- After click element -->a
113548 [Test worker] INFO  manager.ListenerWD -- Before find element-->By.xpath: //input[@placeholder='Name']
113560 [Test worker] INFO  manager.ListenerWD -- After find element-->By.xpath: //input[@placeholder='Name']
113563 [Test worker] INFO  manager.ListenerWD -- Location of element-->input
113569 [Test worker] INFO  manager.ListenerWD -- Before click element -->inputtext-->
113597 [Test worker] INFO  manager.ListenerWD -- After click element -->input
113616 [Test worker] INFO  manager.ListenerWD -- sendKeyds-->
113618 [Test worker] INFO  manager.ListenerWD -- sendKeyds_TagName-->input
113633 [Test worker] INFO  manager.ListenerWD -- Before find element-->By.xpath: //input[@placeholder='Last Name']
113642 [Test worker] INFO  manager.ListenerWD -- After find element-->By.xpath: //input[@placeholder='Last Name']
113646 [Test worker] INFO  manager.ListenerWD -- Location of element-->input
113652 [Test worker] INFO  manager.ListenerWD -- Before click element -->inputtext-->
113679 [Test worker] INFO  manager.ListenerWD -- After click element -->input
113695 [Test worker] INFO  manager.ListenerWD -- sendKeyds-->
113697 [Test worker] INFO  manager.ListenerWD -- sendKeyds_TagName-->input
113712 [Test worker] INFO  manager.ListenerWD -- Before find element-->By.xpath: //input[@placeholder='Phone']
113722 [Test worker] INFO  manager.ListenerWD -- After find element-->By.xpath: //input[@placeholder='Phone']
113724 [Test worker] INFO  manager.ListenerWD -- Location of element-->input
113733 [Test worker] INFO  manager.ListenerWD -- Before click element -->inputtext-->
113761 [Test worker] INFO  manager.ListenerWD -- After click element -->input
113777 [Test worker] INFO  manager.ListenerWD -- sendKeyds-->
113779 [Test worker] INFO  manager.ListenerWD -- sendKeyds_TagName-->input
113796 [Test worker] INFO  manager.ListenerWD -- Before find element-->By.xpath: //input[@placeholder='email']
113805 [Test worker] INFO  manager.ListenerWD -- After find element-->By.xpath: //input[@placeholder='email']
113809 [Test worker] INFO  manager.ListenerWD -- Location of element-->input
113814 [Test worker] INFO  manager.ListenerWD -- Before click element -->inputtext-->
113844 [Test worker] INFO  manager.ListenerWD -- After click element -->input
113862 [Test worker] INFO  manager.ListenerWD -- sendKeyds-->
113864 [Test worker] INFO  manager.ListenerWD -- sendKeyds_TagName-->input
113884 [Test worker] INFO  manager.ListenerWD -- Before find element-->By.xpath: //input[@placeholder='Address']
113893 [Test worker] INFO  manager.ListenerWD -- After find element-->By.xpath: //input[@placeholder='Address']
113896 [Test worker] INFO  manager.ListenerWD -- Location of element-->input
113901 [Test worker] INFO  manager.ListenerWD -- Before click element -->inputtext-->
113931 [Test worker] INFO  manager.ListenerWD -- After click element -->input
113950 [Test worker] INFO  manager.ListenerWD -- sendKeyds-->
113952 [Test worker] INFO  manager.ListenerWD -- sendKeyds_TagName-->input
113968 [Test worker] INFO  manager.ListenerWD -- Before find element-->By.xpath: //input[@placeholder='description']
113977 [Test worker] INFO  manager.ListenerWD -- After find element-->By.xpath: //input[@placeholder='description']
113980 [Test worker] INFO  manager.ListenerWD -- Location of element-->input
113986 [Test worker] INFO  manager.ListenerWD -- Before click element -->inputtext-->
114014 [Test worker] INFO  manager.ListenerWD -- After click element -->input
114032 [Test worker] INFO  manager.ListenerWD -- sendKeyds-->
114034 [Test worker] INFO  manager.ListenerWD -- sendKeyds_TagName-->input
114049 [Test worker] INFO  manager.ListenerWD -- Before find element-->By.xpath: //b[text()='Save']
114058 [Test worker] INFO  manager.ListenerWD -- After find element-->By.xpath: //b[text()='Save']
114060 [Test worker] INFO  manager.ListenerWD -- Location of element-->b
114066 [Test worker] INFO  manager.ListenerWD -- Before click element -->btext-->Save
114094 [Test worker] INFO  manager.ListenerWD -- After click element -->b
114629 [Test worker] INFO  manager.ListenerWD -- Before find element-->By.cssSelector: .contact-item_card__2SOIM
114642 [Test worker] INFO  manager.ListenerWD -- After find element-->By.cssSelector: .contact-item_card__2SOIM
114644 [Test worker] INFO  manager.ListenerWD -- Location of element-->div
114650 [Test worker] INFO  manager.ListenerWD -- Before click element -->divtext-->Harry
555667771830
114683 [Test worker] INFO  manager.ListenerWD -- After click element -->div
114683 [Test worker] INFO  manager.ListenerWD -- Before find element-->By.xpath: //button[text()='Remove']
114695 [Test worker] INFO  manager.ListenerWD -- After find element-->By.xpath: //button[text()='Remove']
114698 [Test worker] INFO  manager.ListenerWD -- Location of element-->button
114704 [Test worker] INFO  manager.ListenerWD -- Before click element -->buttontext-->Remove
114734 [Test worker] INFO  manager.ListenerWD -- After click element -->button
115755 [Test worker] INFO  manager.ListenerWD -- Before find element-->By.cssSelector: .contact-item_card__2SOIM
115764 [Test worker] INFO  manager.ListenerWD -- After find element-->By.cssSelector: .contact-item_card__2SOIM
115767 [Test worker] INFO  manager.ListenerWD -- Location of element-->div
115774 [Test worker] INFO  manager.ListenerWD -- Before click element -->divtext-->Harry
555667771896
115808 [Test worker] INFO  manager.ListenerWD -- After click element -->div
115808 [Test worker] INFO  manager.ListenerWD -- Before find element-->By.xpath: //button[text()='Remove']
115818 [Test worker] INFO  manager.ListenerWD -- After find element-->By.xpath: //button[text()='Remove']
115820 [Test worker] INFO  manager.ListenerWD -- Location of element-->button
115827 [Test worker] INFO  manager.ListenerWD -- Before click element -->buttontext-->Remove
115853 [Test worker] INFO  manager.ListenerWD -- After click element -->button
116873 [Test worker] INFO  manager.ListenerWD -- Before find element-->By.cssSelector: .contact-item_card__2SOIM
116883 [Test worker] INFO  manager.ListenerWD -- After find element-->By.cssSelector: .contact-item_card__2SOIM
116886 [Test worker] INFO  manager.ListenerWD -- Location of element-->div
116893 [Test worker] INFO  manager.ListenerWD -- Before click element -->divtext-->Harry
555667771214
116923 [Test worker] INFO  manager.ListenerWD -- After click element -->div
116923 [Test worker] INFO  manager.ListenerWD -- Before find element-->By.xpath: //button[text()='Remove']
116933 [Test worker] INFO  manager.ListenerWD -- After find element-->By.xpath: //button[text()='Remove']
116937 [Test worker] INFO  manager.ListenerWD -- Location of element-->button
116943 [Test worker] INFO  manager.ListenerWD -- Before click element -->buttontext-->Remove
116968 [Test worker] INFO  manager.ListenerWD -- After click element -->button
128079 [Test worker] INFO  tests.TestBase -- ==============================================
128080 [Test worker] INFO  tests.TestBase -- Name of method (test) --->removeFirstContact
133157 [Test worker] INFO  manager.ListenerWD -- Before find element-->By.xpath: //a[@href='/add']
133167 [Test worker] INFO  manager.ListenerWD -- After find element-->By.xpath: //a[@href='/add']
133171 [Test worker] INFO  manager.ListenerWD -- Location of element-->a
133178 [Test worker] INFO  manager.ListenerWD -- Before click element -->atext-->ADD
133214 [Test worker] INFO  manager.ListenerWD -- After click element -->a
133214 [Test worker] INFO  manager.ListenerWD -- Before find element-->By.xpath: //input[@placeholder='Name']
133225 [Test worker] INFO  manager.ListenerWD -- After find element-->By.xpath: //input[@placeholder='Name']
133230 [Test worker] INFO  manager.ListenerWD -- Location of element-->input
133237 [Test worker] INFO  manager.ListenerWD -- Before click element -->inputtext-->
133266 [Test worker] INFO  manager.ListenerWD -- After click element -->input
133281 [Test worker] INFO  manager.ListenerWD -- sendKeyds-->
133285 [Test worker] INFO  manager.ListenerWD -- sendKeyds_TagName-->input
133298 [Test worker] INFO  manager.ListenerWD -- Before find element-->By.xpath: //input[@placeholder='Last Name']
133308 [Test worker] INFO  manager.ListenerWD -- After find element-->By.xpath: //input[@placeholder='Last Name']
133311 [Test worker] INFO  manager.ListenerWD -- Location of element-->input
133318 [Test worker] INFO  manager.ListenerWD -- Before click element -->inputtext-->
133348 [Test worker] INFO  manager.ListenerWD -- After click element -->input
133365 [Test worker] INFO  manager.ListenerWD -- sendKeyds-->
133367 [Test worker] INFO  manager.ListenerWD -- sendKeyds_TagName-->input
133383 [Test worker] INFO  manager.ListenerWD -- Before find element-->By.xpath: //input[@placeholder='Phone']
133391 [Test worker] INFO  manager.ListenerWD -- After find element-->By.xpath: //input[@placeholder='Phone']
133394 [Test worker] INFO  manager.ListenerWD -- Location of element-->input
133400 [Test worker] INFO  manager.ListenerWD -- Before click element -->inputtext-->
133429 [Test worker] INFO  manager.ListenerWD -- After click element -->input
133445 [Test worker] INFO  manager.ListenerWD -- sendKeyds-->
133447 [Test worker] INFO  manager.ListenerWD -- sendKeyds_TagName-->input
133463 [Test worker] INFO  manager.ListenerWD -- Before find element-->By.xpath: //input[@placeholder='email']
133473 [Test worker] INFO  manager.ListenerWD -- After find element-->By.xpath: //input[@placeholder='email']
133476 [Test worker] INFO  manager.ListenerWD -- Location of element-->input
133483 [Test worker] INFO  manager.ListenerWD -- Before click element -->inputtext-->
133512 [Test worker] INFO  manager.ListenerWD -- After click element -->input
133528 [Test worker] INFO  manager.ListenerWD -- sendKeyds-->
133530 [Test worker] INFO  manager.ListenerWD -- sendKeyds_TagName-->input
133549 [Test worker] INFO  manager.ListenerWD -- Before find element-->By.xpath: //input[@placeholder='Address']
133558 [Test worker] INFO  manager.ListenerWD -- After find element-->By.xpath: //input[@placeholder='Address']
133562 [Test worker] INFO  manager.ListenerWD -- Location of element-->input
133568 [Test worker] INFO  manager.ListenerWD -- Before click element -->inputtext-->
133597 [Test worker] INFO  manager.ListenerWD -- After click element -->input
133614 [Test worker] INFO  manager.ListenerWD -- sendKeyds-->
133616 [Test worker] INFO  manager.ListenerWD -- sendKeyds_TagName-->input
133633 [Test worker] INFO  manager.ListenerWD -- Before find element-->By.xpath: //input[@placeholder='description']
133643 [Test worker] INFO  manager.ListenerWD -- After find element-->By.xpath: //input[@placeholder='description']
133647 [Test worker] INFO  manager.ListenerWD -- Location of element-->input
133653 [Test worker] INFO  manager.ListenerWD -- Before click element -->inputtext-->
133680 [Test worker] INFO  manager.ListenerWD -- After click element -->input
133700 [Test worker] INFO  manager.ListenerWD -- sendKeyds-->
133701 [Test worker] INFO  manager.ListenerWD -- sendKeyds_TagName-->input
133719 [Test worker] INFO  manager.ListenerWD -- Before find element-->By.xpath: //b[text()='Save']
133728 [Test worker] INFO  manager.ListenerWD -- After find element-->By.xpath: //b[text()='Save']
133731 [Test worker] INFO  manager.ListenerWD -- Location of element-->b
133738 [Test worker] INFO  manager.ListenerWD -- Before click element -->btext-->Save
133765 [Test worker] INFO  manager.ListenerWD -- After click element -->b
134278 [Test worker] INFO  manager.ListenerWD -- Before find element-->By.xpath: //a[@href='/add']
134289 [Test worker] INFO  manager.ListenerWD -- After find element-->By.xpath: //a[@href='/add']
134293 [Test worker] INFO  manager.ListenerWD -- Location of element-->a
134300 [Test worker] INFO  manager.ListenerWD -- Before click element -->atext-->ADD
134334 [Test worker] INFO  manager.ListenerWD -- After click element -->a
134334 [Test worker] INFO  manager.ListenerWD -- Before find element-->By.xpath: //input[@placeholder='Name']
134343 [Test worker] INFO  manager.ListenerWD -- After find element-->By.xpath: //input[@placeholder='Name']
134346 [Test worker] INFO  manager.ListenerWD -- Location of element-->input
134353 [Test worker] INFO  manager.ListenerWD -- Before click element -->inputtext-->
134381 [Test worker] INFO  manager.ListenerWD -- After click element -->input
134401 [Test worker] INFO  manager.ListenerWD -- sendKeyds-->
134403 [Test worker] INFO  manager.ListenerWD -- sendKeyds_TagName-->input
134417 [Test worker] INFO  manager.ListenerWD -- Before find element-->By.xpath: //input[@placeholder='Last Name']
134427 [Test worker] INFO  manager.ListenerWD -- After find element-->By.xpath: //input[@placeholder='Last Name']
134430 [Test worker] INFO  manager.ListenerWD -- Location of element-->input
134436 [Test worker] INFO  manager.ListenerWD -- Before click element -->inputtext-->
134464 [Test worker] INFO  manager.ListenerWD -- After click element -->input
134481 [Test worker] INFO  manager.ListenerWD -- sendKeyds-->
134484 [Test worker] INFO  manager.ListenerWD -- sendKeyds_TagName-->input
134499 [Test worker] INFO  manager.ListenerWD -- Before find element-->By.xpath: //input[@placeholder='Phone']
134507 [Test worker] INFO  manager.ListenerWD -- After find element-->By.xpath: //input[@placeholder='Phone']
134511 [Test worker] INFO  manager.ListenerWD -- Location of element-->input
134517 [Test worker] INFO  manager.ListenerWD -- Before click element -->inputtext-->
134546 [Test worker] INFO  manager.ListenerWD -- After click element -->input
134561 [Test worker] INFO  manager.ListenerWD -- sendKeyds-->
134564 [Test worker] INFO  manager.ListenerWD -- sendKeyds_TagName-->input
134580 [Test worker] INFO  manager.ListenerWD -- Before find element-->By.xpath: //input[@placeholder='email']
134590 [Test worker] INFO  manager.ListenerWD -- After find element-->By.xpath: //input[@placeholder='email']
134593 [Test worker] INFO  manager.ListenerWD -- Location of element-->input
134599 [Test worker] INFO  manager.ListenerWD -- Before click element -->inputtext-->
134628 [Test worker] INFO  manager.ListenerWD -- After click element -->input
134644 [Test worker] INFO  manager.ListenerWD -- sendKeyds-->
134646 [Test worker] INFO  manager.ListenerWD -- sendKeyds_TagName-->input
134665 [Test worker] INFO  manager.ListenerWD -- Before find element-->By.xpath: //input[@placeholder='Address']
134674 [Test worker] INFO  manager.ListenerWD -- After find element-->By.xpath: //input[@placeholder='Address']
134677 [Test worker] INFO  manager.ListenerWD -- Location of element-->input
134684 [Test worker] INFO  manager.ListenerWD -- Before click element -->inputtext-->
134712 [Test worker] INFO  manager.ListenerWD -- After click element -->input
134728 [Test worker] INFO  manager.ListenerWD -- sendKeyds-->
134731 [Test worker] INFO  manager.ListenerWD -- sendKeyds_TagName-->input
134746 [Test worker] INFO  manager.ListenerWD -- Before find element-->By.xpath: //input[@placeholder='description']
134755 [Test worker] INFO  manager.ListenerWD -- After find element-->By.xpath: //input[@placeholder='description']
134758 [Test worker] INFO  manager.ListenerWD -- Location of element-->input
134764 [Test worker] INFO  manager.ListenerWD -- Before click element -->inputtext-->
134796 [Test worker] INFO  manager.ListenerWD -- After click element -->input
134814 [Test worker] INFO  manager.ListenerWD -- sendKeyds-->
134816 [Test worker] INFO  manager.ListenerWD -- sendKeyds_TagName-->input
134830 [Test worker] INFO  manager.ListenerWD -- Before find element-->By.xpath: //b[text()='Save']
134840 [Test worker] INFO  manager.ListenerWD -- After find element-->By.xpath: //b[text()='Save']
134845 [Test worker] INFO  manager.ListenerWD -- Location of element-->b
134851 [Test worker] INFO  manager.ListenerWD -- Before click element -->btext-->Save
134879 [Test worker] INFO  manager.ListenerWD -- After click element -->b
135380 [Test worker] INFO  manager.ListenerWD -- Before find element-->By.xpath: //a[@href='/add']
135390 [Test worker] INFO  manager.ListenerWD -- After find element-->By.xpath: //a[@href='/add']
135393 [Test worker] INFO  manager.ListenerWD -- Location of element-->a
135399 [Test worker] INFO  manager.ListenerWD -- Before click element -->atext-->ADD
135433 [Test worker] INFO  manager.ListenerWD -- After click element -->a
135433 [Test worker] INFO  manager.ListenerWD -- Before find element-->By.xpath: //input[@placeholder='Name']
135443 [Test worker] INFO  manager.ListenerWD -- After find element-->By.xpath: //input[@placeholder='Name']
135446 [Test worker] INFO  manager.ListenerWD -- Location of element-->input
135454 [Test worker] INFO  manager.ListenerWD -- Before click element -->inputtext-->
135486 [Test worker] INFO  manager.ListenerWD -- After click element -->input
135505 [Test worker] INFO  manager.ListenerWD -- sendKeyds-->
135506 [Test worker] INFO  manager.ListenerWD -- sendKeyds_TagName-->input
135522 [Test worker] INFO  manager.ListenerWD -- Before find element-->By.xpath: //input[@placeholder='Last Name']
135533 [Test worker] INFO  manager.ListenerWD -- After find element-->By.xpath: //input[@placeholder='Last Name']
135535 [Test worker] INFO  manager.ListenerWD -- Location of element-->input
135541 [Test worker] INFO  manager.ListenerWD -- Before click element -->inputtext-->
135573 [Test worker] INFO  manager.ListenerWD -- After click element -->input
135591 [Test worker] INFO  manager.ListenerWD -- sendKeyds-->
135594 [Test worker] INFO  manager.ListenerWD -- sendKeyds_TagName-->input
135612 [Test worker] INFO  manager.ListenerWD -- Before find element-->By.xpath: //input[@placeholder='Phone']
135623 [Test worker] INFO  manager.ListenerWD -- After find element-->By.xpath: //input[@placeholder='Phone']
135626 [Test worker] INFO  manager.ListenerWD -- Location of element-->input
135634 [Test worker] INFO  manager.ListenerWD -- Before click element -->inputtext-->
135664 [Test worker] INFO  manager.ListenerWD -- After click element -->input
135681 [Test worker] INFO  manager.ListenerWD -- sendKeyds-->
135683 [Test worker] INFO  manager.ListenerWD -- sendKeyds_TagName-->input
135700 [Test worker] INFO  manager.ListenerWD -- Before find element-->By.xpath: //input[@placeholder='email']
135710 [Test worker] INFO  manager.ListenerWD -- After find element-->By.xpath: //input[@placeholder='email']
135714 [Test worker] INFO  manager.ListenerWD -- Location of element-->input
135719 [Test worker] INFO  manager.ListenerWD -- Before click element -->inputtext-->
135750 [Test worker] INFO  manager.ListenerWD -- After click element -->input
135767 [Test worker] INFO  manager.ListenerWD -- sendKeyds-->
135770 [Test worker] INFO  manager.ListenerWD -- sendKeyds_TagName-->input
135789 [Test worker] INFO  manager.ListenerWD -- Before find element-->By.xpath: //input[@placeholder='Address']
135799 [Test worker] INFO  manager.ListenerWD -- After find element-->By.xpath: //input[@placeholder='Address']
135802 [Test worker] INFO  manager.ListenerWD -- Location of element-->input
135809 [Test worker] INFO  manager.ListenerWD -- Before click element -->inputtext-->
135839 [Test worker] INFO  manager.ListenerWD -- After click element -->input
135857 [Test worker] INFO  manager.ListenerWD -- sendKeyds-->
135859 [Test worker] INFO  manager.ListenerWD -- sendKeyds_TagName-->input
135876 [Test worker] INFO  manager.ListenerWD -- Before find element-->By.xpath: //input[@placeholder='description']
135886 [Test worker] INFO  manager.ListenerWD -- After find element-->By.xpath: //input[@placeholder='description']
135888 [Test worker] INFO  manager.ListenerWD -- Location of element-->input
135896 [Test worker] INFO  manager.ListenerWD -- Before click element -->inputtext-->
135927 [Test worker] INFO  manager.ListenerWD -- After click element -->input
135945 [Test worker] INFO  manager.ListenerWD -- sendKeyds-->
135947 [Test worker] INFO  manager.ListenerWD -- sendKeyds_TagName-->input
135962 [Test worker] INFO  manager.ListenerWD -- Before find element-->By.xpath: //b[text()='Save']
135971 [Test worker] INFO  manager.ListenerWD -- After find element-->By.xpath: //b[text()='Save']
135974 [Test worker] INFO  manager.ListenerWD -- Location of element-->b
135982 [Test worker] INFO  manager.ListenerWD -- Before click element -->btext-->Save
136009 [Test worker] INFO  manager.ListenerWD -- After click element -->b
136539 [Test worker] INFO  manager.HelperBase -- Number of Contacts before remove is-->3
136539 [Test worker] INFO  manager.ListenerWD -- Before find element-->By.cssSelector: .contact-item_card__2SOIM
136550 [Test worker] INFO  manager.ListenerWD -- After find element-->By.cssSelector: .contact-item_card__2SOIM
136552 [Test worker] INFO  manager.ListenerWD -- Location of element-->div
136558 [Test worker] INFO  manager.ListenerWD -- Before click element -->divtext-->Harry
555667771291
136589 [Test worker] INFO  manager.ListenerWD -- After click element -->div
136589 [Test worker] INFO  manager.ListenerWD -- Before find element-->By.xpath: //button[text()='Remove']
136598 [Test worker] INFO  manager.ListenerWD -- After find element-->By.xpath: //button[text()='Remove']
136601 [Test worker] INFO  manager.ListenerWD -- Location of element-->button
136608 [Test worker] INFO  manager.ListenerWD -- Before click element -->buttontext-->Remove
136633 [Test worker] INFO  manager.ListenerWD -- After click element -->button
137654 [Test worker] INFO  manager.HelperBase -- Number of Contacts after remove is-->2
137657 [Test worker] INFO  tests.TestBase -- ==============================================
