1516 [Test worker] INFO  manager.ApplicationManager -- All tests runs in Chrome Browser
2855 [Test worker] INFO  manager.ApplicationManager -- The link --->https://telranedu.web.app/home
2879 [Test worker] INFO  tests.TestBase -- Name of method (test) --->NegativeEmailContactTest
7913 [Test worker] INFO  tests.TestBase -- Start test with name 'NegativeEmailContactTest
7913 [Test worker] INFO  tests.TestBase -- Contact Test data ---> name: 'Pavel, lastName: Lagodni, phone: 059787877, email: lagodnip, address: Ein Gedi 28, & description: null'
7913 [Test worker] INFO  manager.ListenerWD -- Before find element-->By.cssSelector: a[href='/login']
7946 [Test worker] INFO  manager.ListenerWD -- After find element-->By.cssSelector: a[href='/login']
7947 [Test worker] INFO  manager.ListenerWD -- Location of element-->a
7967 [Test worker] INFO  manager.ListenerWD -- Before click element -->atext-->LOGIN
8022 [Test worker] INFO  manager.ListenerWD -- After click element -->a
8022 [Test worker] INFO  manager.ListenerWD -- Before find element-->By.name: email
8044 [Test worker] INFO  manager.ListenerWD -- After find element-->By.name: email
8050 [Test worker] INFO  manager.ListenerWD -- Location of element-->input
8062 [Test worker] INFO  manager.ListenerWD -- Before click element -->inputtext-->
8111 [Test worker] INFO  manager.ListenerWD -- After click element -->input
8142 [Test worker] INFO  manager.ListenerWD -- sendKeyds-->
8148 [Test worker] INFO  manager.ListenerWD -- sendKeyds_TagName-->input
8180 [Test worker] INFO  manager.ListenerWD -- Before find element-->By.xpath: //input[@placeholder='Password']
8201 [Test worker] INFO  manager.ListenerWD -- After find element-->By.xpath: //input[@placeholder='Password']
8207 [Test worker] INFO  manager.ListenerWD -- Location of element-->input
8220 [Test worker] INFO  manager.ListenerWD -- Before click element -->inputtext-->
8265 [Test worker] INFO  manager.ListenerWD -- After click element -->input
8292 [Test worker] INFO  manager.ListenerWD -- sendKeyds-->
8298 [Test worker] INFO  manager.ListenerWD -- sendKeyds_TagName-->input
8322 [Test worker] INFO  manager.ListenerWD -- Before find element-->By.xpath: //button[text()='Login']
8341 [Test worker] INFO  manager.ListenerWD -- After find element-->By.xpath: //button[text()='Login']
8346 [Test worker] INFO  manager.ListenerWD -- Location of element-->button
8358 [Test worker] INFO  manager.ListenerWD -- Before click element -->buttontext-->Login
8415 [Test worker] INFO  manager.ListenerWD -- Before find element-->By.xpath: //a[@href='/add']
9506 [Test worker] INFO  manager.ListenerWD -- After find element-->By.xpath: //a[@href='/add']
9511 [Test worker] INFO  manager.ListenerWD -- Location of element-->a
9521 [Test worker] INFO  manager.ListenerWD -- Before click element -->atext-->ADD
9563 [Test worker] INFO  manager.ListenerWD -- After click element -->a
9564 [Test worker] INFO  manager.ListenerWD -- Before find element-->By.xpath: //input[@placeholder='Name']
9580 [Test worker] INFO  manager.ListenerWD -- After find element-->By.xpath: //input[@placeholder='Name']
9585 [Test worker] INFO  manager.ListenerWD -- Location of element-->input
9595 [Test worker] INFO  manager.ListenerWD -- Before click element -->inputtext-->
9633 [Test worker] INFO  manager.ListenerWD -- After click element -->input
9653 [Test worker] INFO  manager.ListenerWD -- sendKeyds-->
9658 [Test worker] INFO  manager.ListenerWD -- sendKeyds_TagName-->input
9675 [Test worker] INFO  manager.ListenerWD -- Before find element-->By.xpath: //input[@placeholder='Last Name']
9692 [Test worker] INFO  manager.ListenerWD -- After find element-->By.xpath: //input[@placeholder='Last Name']
9696 [Test worker] INFO  manager.ListenerWD -- Location of element-->input
9706 [Test worker] INFO  manager.ListenerWD -- Before click element -->inputtext-->
9746 [Test worker] INFO  manager.ListenerWD -- After click element -->input
9767 [Test worker] INFO  manager.ListenerWD -- sendKeyds-->
9771 [Test worker] INFO  manager.ListenerWD -- sendKeyds_TagName-->input
9791 [Test worker] INFO  manager.ListenerWD -- Before find element-->By.xpath: //input[@placeholder='Phone']
9807 [Test worker] INFO  manager.ListenerWD -- After find element-->By.xpath: //input[@placeholder='Phone']
9813 [Test worker] INFO  manager.ListenerWD -- Location of element-->input
9822 [Test worker] INFO  manager.ListenerWD -- Before click element -->inputtext-->
9861 [Test worker] INFO  manager.ListenerWD -- After click element -->input
9882 [Test worker] INFO  manager.ListenerWD -- sendKeyds-->
9885 [Test worker] INFO  manager.ListenerWD -- sendKeyds_TagName-->input
9900 [Test worker] INFO  manager.ListenerWD -- Before find element-->By.xpath: //input[@placeholder='email']
9919 [Test worker] INFO  manager.ListenerWD -- After find element-->By.xpath: //input[@placeholder='email']
9924 [Test worker] INFO  manager.ListenerWD -- Location of element-->input
9934 [Test worker] INFO  manager.ListenerWD -- Before click element -->inputtext-->
9970 [Test worker] INFO  manager.ListenerWD -- After click element -->input
9995 [Test worker] INFO  manager.ListenerWD -- sendKeyds-->
9999 [Test worker] INFO  manager.ListenerWD -- sendKeyds_TagName-->input
10020 [Test worker] INFO  manager.ListenerWD -- Before find element-->By.xpath: //input[@placeholder='Address']
10035 [Test worker] INFO  manager.ListenerWD -- After find element-->By.xpath: //input[@placeholder='Address']
10040 [Test worker] INFO  manager.ListenerWD -- Location of element-->input
10051 [Test worker] INFO  manager.ListenerWD -- Before click element -->inputtext-->
10091 [Test worker] INFO  manager.ListenerWD -- After click element -->input
10112 [Test worker] INFO  manager.ListenerWD -- sendKeyds-->
10115 [Test worker] INFO  manager.ListenerWD -- sendKeyds_TagName-->input
10135 [Test worker] INFO  manager.ListenerWD -- Before find element-->By.xpath: //input[@placeholder='description']
10149 [Test worker] INFO  manager.ListenerWD -- After find element-->By.xpath: //input[@placeholder='description']
10154 [Test worker] INFO  manager.ListenerWD -- Location of element-->input
10163 [Test worker] INFO  manager.ListenerWD -- Before click element -->inputtext-->
10200 [Test worker] INFO  manager.ListenerWD -- After click element -->input
10217 [Test worker] INFO  manager.ListenerWD -- Before find element-->By.xpath: //b[text()='Save']
10233 [Test worker] INFO  manager.ListenerWD -- After find element-->By.xpath: //b[text()='Save']
10237 [Test worker] INFO  manager.ListenerWD -- Location of element-->b
10248 [Test worker] INFO  manager.ListenerWD -- Before click element -->btext-->Save
10287 [Test worker] INFO  manager.ListenerWD -- After click element -->b
10298 [Test worker] INFO  manager.ListenerWD -- Huston, we have a problem!
10298 [Test worker] INFO  manager.ListenerWD -- Failed method:alert
10298 [Test worker] INFO  manager.ListenerWD -- ***************
10298 [Test worker] INFO  manager.ListenerWD -- Arguments:null
10298 [Test worker] INFO  manager.ListenerWD -- ***************
10298 [Test worker] INFO  manager.ListenerWD -- Exception:NoAlertPresentException
10298 [Test worker] INFO  manager.ListenerWD -- ***************
10298 [Test worker] INFO  manager.ListenerWD -- Messageno such alert
  (Session info: chrome=148.0.7778.216)
Build info: version: '4.26.0', revision: '8ccf0219d7'
System info: os.name: 'Windows 11', os.arch: 'amd64', os.version: '10.0', java.version: '21.0.10'
Driver info: org.openqa.selenium.chrome.ChromeDriver
Command: [6a2a890c1648cd71cf22cb3daca3e2bd, getAlertText {}]
Capabilities {acceptInsecureCerts: false, browserName: chrome, browserVersion: 148.0.7778.216, chrome: {chromedriverVersion: 148.0.7778.167 (65db666ac2c..., userDataDir: C:\Users\Pavlova\AppData\Lo...}, fedcm:accounts: true, goog:chromeOptions: {debuggerAddress: localhost:10980}, goog:processID: 18748, networkConnectionEnabled: false, pageLoadStrategy: normal, platformName: windows, proxy: Proxy(), se:cdp: ws://localhost:10980/devtoo..., se:cdpVersion: 148.0.7778.216, setWindowRect: true, strictFileInteractability: false, timeouts: {implicit: 0, pageLoad: 300000, script: 30000}, unhandledPromptBehavior: dismiss and notify, webauthn:extension:credBlob: true, webauthn:extension:largeBlob: true, webauthn:extension:minPinLength: true, webauthn:extension:prf: true, webauthn:virtualAuthenticators: true}
Session ID: 6a2a890c1648cd71cf22cb3daca3e2bd
10299 [Test worker] INFO  manager.ListenerWD -- ***************
10299 [Test worker] INFO  manager.ListenerWD -- ***************
10299 [Test worker] INFO  manager.ListenerWD -- Screen with error is--->src/test/screenshots/screen_1412.png
10824 [Test worker] INFO  tests.TestBase -- Assert check is alert present with error text 'Email not valid: должно иметь формат адреса электронной почты'
10826 [Test worker] INFO  tests.TestBase -- ==============================================
10829 [Test worker] INFO  tests.TestBase -- Name of method (test) --->NegativePhoneContactTest1
10837 [Test worker] INFO  manager.ListenerWD -- Before find element-->By.xpath: //button[text()='Sign Out']
10854 [Test worker] INFO  manager.ListenerWD -- After find element-->By.xpath: //button[text()='Sign Out']
10862 [Test worker] INFO  manager.ListenerWD -- Location of element-->button
10873 [Test worker] INFO  manager.ListenerWD -- Before click element -->buttontext-->Sign Out
10924 [Test worker] INFO  tests.TestBase -- Before method finished logout
10925 [Test worker] INFO  tests.TestBase -- Start test with name 'NegativePhoneContactTest1
10925 [Test worker] INFO  tests.TestBase -- Contact Test data ---> name: 'Pavel, lastName: Lagodni, phone: 0, email: pavlova@gmail.com, address: Ein Gedi 28, & description: null'
10925 [Test worker] INFO  manager.ListenerWD -- Before find element-->By.cssSelector: a[href='/login']
10939 [Test worker] INFO  manager.ListenerWD -- After find element-->By.cssSelector: a[href='/login']
10944 [Test worker] INFO  manager.ListenerWD -- Location of element-->a
10954 [Test worker] INFO  manager.ListenerWD -- Before click element -->atext-->LOGIN
10991 [Test worker] INFO  manager.ListenerWD -- After click element -->a
10991 [Test worker] INFO  manager.ListenerWD -- Before find element-->By.name: email
11000 [Test worker] INFO  manager.ListenerWD -- After find element-->By.name: email
11011 [Test worker] INFO  manager.ListenerWD -- Location of element-->input
11021 [Test worker] INFO  manager.ListenerWD -- Before click element -->inputtext-->
11064 [Test worker] INFO  manager.ListenerWD -- After click element -->input
11087 [Test worker] INFO  manager.ListenerWD -- sendKeyds-->
11092 [Test worker] INFO  manager.ListenerWD -- sendKeyds_TagName-->input
11116 [Test worker] INFO  manager.ListenerWD -- Before find element-->By.xpath: //input[@placeholder='Password']
11122 [Test worker] INFO  manager.ListenerWD -- After find element-->By.xpath: //input[@placeholder='Password']
11129 [Test worker] INFO  manager.ListenerWD -- Location of element-->input
11141 [Test worker] INFO  manager.ListenerWD -- Before click element -->inputtext-->
11182 [Test worker] INFO  manager.ListenerWD -- After click element -->input
11203 [Test worker] INFO  manager.ListenerWD -- sendKeyds-->
11208 [Test worker] INFO  manager.ListenerWD -- sendKeyds_TagName-->input
11230 [Test worker] INFO  manager.ListenerWD -- Before find element-->By.xpath: //button[text()='Login']
11241 [Test worker] INFO  manager.ListenerWD -- After find element-->By.xpath: //button[text()='Login']
11245 [Test worker] INFO  manager.ListenerWD -- Location of element-->button
11255 [Test worker] INFO  manager.ListenerWD -- Before click element -->buttontext-->Login
11297 [Test worker] INFO  manager.ListenerWD -- Before find element-->By.xpath: //a[@href='/add']
11617 [Test worker] INFO  manager.ListenerWD -- After find element-->By.xpath: //a[@href='/add']
11620 [Test worker] INFO  manager.ListenerWD -- Location of element-->a
11630 [Test worker] INFO  manager.ListenerWD -- Before click element -->atext-->ADD
11666 [Test worker] INFO  manager.ListenerWD -- After click element -->a
11667 [Test worker] INFO  manager.ListenerWD -- Before find element-->By.xpath: //input[@placeholder='Name']
11676 [Test worker] INFO  manager.ListenerWD -- After find element-->By.xpath: //input[@placeholder='Name']
11680 [Test worker] INFO  manager.ListenerWD -- Location of element-->input
11688 [Test worker] INFO  manager.ListenerWD -- Before click element -->inputtext-->
11723 [Test worker] INFO  manager.ListenerWD -- After click element -->input
11743 [Test worker] INFO  manager.ListenerWD -- sendKeyds-->
11746 [Test worker] INFO  manager.ListenerWD -- sendKeyds_TagName-->input
11765 [Test worker] INFO  manager.ListenerWD -- Before find element-->By.xpath: //input[@placeholder='Last Name']
11778 [Test worker] INFO  manager.ListenerWD -- After find element-->By.xpath: //input[@placeholder='Last Name']
11781 [Test worker] INFO  manager.ListenerWD -- Location of element-->input
11790 [Test worker] INFO  manager.ListenerWD -- Before click element -->inputtext-->
11825 [Test worker] INFO  manager.ListenerWD -- After click element -->input
11848 [Test worker] INFO  manager.ListenerWD -- sendKeyds-->
11851 [Test worker] INFO  manager.ListenerWD -- sendKeyds_TagName-->input
11862 [Test worker] INFO  manager.ListenerWD -- Before find element-->By.xpath: //input[@placeholder='Phone']
11881 [Test worker] INFO  manager.ListenerWD -- After find element-->By.xpath: //input[@placeholder='Phone']
11885 [Test worker] INFO  manager.ListenerWD -- Location of element-->input
11896 [Test worker] INFO  manager.ListenerWD -- Before click element -->inputtext-->
11934 [Test worker] INFO  manager.ListenerWD -- After click element -->input
11953 [Test worker] INFO  manager.ListenerWD -- sendKeyds-->
11957 [Test worker] INFO  manager.ListenerWD -- sendKeyds_TagName-->input
11971 [Test worker] INFO  manager.ListenerWD -- Before find element-->By.xpath: //input[@placeholder='email']
11981 [Test worker] INFO  manager.ListenerWD -- After find element-->By.xpath: //input[@placeholder='email']
11985 [Test worker] INFO  manager.ListenerWD -- Location of element-->input
11991 [Test worker] INFO  manager.ListenerWD -- Before click element -->inputtext-->
12025 [Test worker] INFO  manager.ListenerWD -- After click element -->input
12049 [Test worker] INFO  manager.ListenerWD -- sendKeyds-->
12052 [Test worker] INFO  manager.ListenerWD -- sendKeyds_TagName-->input
12075 [Test worker] INFO  manager.ListenerWD -- Before find element-->By.xpath: //input[@placeholder='Address']
12083 [Test worker] INFO  manager.ListenerWD -- After find element-->By.xpath: //input[@placeholder='Address']
12091 [Test worker] INFO  manager.ListenerWD -- Location of element-->input
12100 [Test worker] INFO  manager.ListenerWD -- Before click element -->inputtext-->
12129 [Test worker] INFO  manager.ListenerWD -- After click element -->input
12156 [Test worker] INFO  manager.ListenerWD -- sendKeyds-->
12160 [Test worker] INFO  manager.ListenerWD -- sendKeyds_TagName-->input
12179 [Test worker] INFO  manager.ListenerWD -- Before find element-->By.xpath: //input[@placeholder='description']
12189 [Test worker] INFO  manager.ListenerWD -- After find element-->By.xpath: //input[@placeholder='description']
12193 [Test worker] INFO  manager.ListenerWD -- Location of element-->input
12201 [Test worker] INFO  manager.ListenerWD -- Before click element -->inputtext-->
12233 [Test worker] INFO  manager.ListenerWD -- After click element -->input
22542 [Test worker] INFO  manager.ListenerWD -- Before find element-->By.xpath: //b[text()='Save']
22553 [Test worker] INFO  manager.ListenerWD -- After find element-->By.xpath: //b[text()='Save']
22553 [Test worker] INFO  manager.ListenerWD -- Location of element-->b
22569 [Test worker] INFO  manager.ListenerWD -- Before click element -->btext-->Save
22595 [Test worker] INFO  manager.ListenerWD -- After click element -->b
22603 [Test worker] INFO  manager.ListenerWD -- Huston, we have a problem!
22603 [Test worker] INFO  manager.ListenerWD -- Failed method:alert
22603 [Test worker] INFO  manager.ListenerWD -- ***************
22603 [Test worker] INFO  manager.ListenerWD -- Arguments:null
22603 [Test worker] INFO  manager.ListenerWD -- ***************
22603 [Test worker] INFO  manager.ListenerWD -- Exception:NoAlertPresentException
22603 [Test worker] INFO  manager.ListenerWD -- ***************
22603 [Test worker] INFO  manager.ListenerWD -- Messageno such alert
  (Session info: chrome=148.0.7778.216)
Build info: version: '4.26.0', revision: '8ccf0219d7'
System info: os.name: 'Windows 11', os.arch: 'amd64', os.version: '10.0', java.version: '21.0.10'
Driver info: org.openqa.selenium.chrome.ChromeDriver
Command: [6a2a890c1648cd71cf22cb3daca3e2bd, getAlertText {}]
Capabilities {acceptInsecureCerts: false, browserName: chrome, browserVersion: 148.0.7778.216, chrome: {chromedriverVersion: 148.0.7778.167 (65db666ac2c..., userDataDir: C:\Users\Pavlova\AppData\Lo...}, fedcm:accounts: true, goog:chromeOptions: {debuggerAddress: localhost:10980}, goog:processID: 18748, networkConnectionEnabled: false, pageLoadStrategy: normal, platformName: windows, proxy: Proxy(), se:cdp: ws://localhost:10980/devtoo..., se:cdpVersion: 148.0.7778.216, setWindowRect: true, strictFileInteractability: false, timeouts: {implicit: 0, pageLoad: 300000, script: 30000}, unhandledPromptBehavior: dismiss and notify, webauthn:extension:credBlob: true, webauthn:extension:largeBlob: true, webauthn:extension:minPinLength: true, webauthn:extension:prf: true, webauthn:virtualAuthenticators: true}
Session ID: 6a2a890c1648cd71cf22cb3daca3e2bd
22603 [Test worker] INFO  manager.ListenerWD -- ***************
22603 [Test worker] INFO  manager.ListenerWD -- ***************
22603 [Test worker] INFO  manager.ListenerWD -- Screen with error is--->src/test/screenshots/screen_1402.png
23118 [Test worker] INFO  tests.TestBase -- Assert check is alert present with error text 'Phone not valid: Phone number must contain only digits! And length min 10, max 15!'
23119 [Test worker] INFO  tests.TestBase -- ==============================================
23119 [Test worker] INFO  tests.TestBase -- Name of method (test) --->NegativePhoneContactTest1
23129 [Test worker] INFO  manager.ListenerWD -- Before find element-->By.xpath: //button[text()='Sign Out']
23136 [Test worker] INFO  manager.ListenerWD -- After find element-->By.xpath: //button[text()='Sign Out']
23143 [Test worker] INFO  manager.ListenerWD -- Location of element-->button
23151 [Test worker] INFO  manager.ListenerWD -- Before click element -->buttontext-->Sign Out
23197 [Test worker] INFO  tests.TestBase -- Before method finished logout
23198 [Test worker] INFO  tests.TestBase -- Start test with name 'NegativePhoneContactTest1
23198 [Test worker] INFO  tests.TestBase -- Contact Test data ---> name: 'Pavel, lastName: Lagodni, phone: 0, email: pavlova@gmail.com, address: Ein Gedi 28, & description: null'
23198 [Test worker] INFO  manager.ListenerWD -- Before find element-->By.cssSelector: a[href='/login']
23210 [Test worker] INFO  manager.ListenerWD -- After find element-->By.cssSelector: a[href='/login']
23216 [Test worker] INFO  manager.ListenerWD -- Location of element-->a
23226 [Test worker] INFO  manager.ListenerWD -- Before click element -->atext-->LOGIN
23257 [Test worker] INFO  manager.ListenerWD -- After click element -->a
23257 [Test worker] INFO  manager.ListenerWD -- Before find element-->By.name: email
23265 [Test worker] INFO  manager.ListenerWD -- After find element-->By.name: email
23265 [Test worker] INFO  manager.ListenerWD -- Location of element-->input
23284 [Test worker] INFO  manager.ListenerWD -- Before click element -->inputtext-->
23321 [Test worker] INFO  manager.ListenerWD -- After click element -->input
23340 [Test worker] INFO  manager.ListenerWD -- sendKeyds-->
23344 [Test worker] INFO  manager.ListenerWD -- sendKeyds_TagName-->input
23366 [Test worker] INFO  manager.ListenerWD -- Before find element-->By.xpath: //input[@placeholder='Password']
23374 [Test worker] INFO  manager.ListenerWD -- After find element-->By.xpath: //input[@placeholder='Password']
23378 [Test worker] INFO  manager.ListenerWD -- Location of element-->input
23388 [Test worker] INFO  manager.ListenerWD -- Before click element -->inputtext-->
23430 [Test worker] INFO  manager.ListenerWD -- After click element -->input
23452 [Test worker] INFO  manager.ListenerWD -- sendKeyds-->
23456 [Test worker] INFO  manager.ListenerWD -- sendKeyds_TagName-->input
23471 [Test worker] INFO  manager.ListenerWD -- Before find element-->By.xpath: //button[text()='Login']
23485 [Test worker] INFO  manager.ListenerWD -- After find element-->By.xpath: //button[text()='Login']
23490 [Test worker] INFO  manager.ListenerWD -- Location of element-->button
23498 [Test worker] INFO  manager.ListenerWD -- Before click element -->buttontext-->Login
23534 [Test worker] INFO  manager.ListenerWD -- Before find element-->By.xpath: //a[@href='/add']
23799 [Test worker] INFO  manager.ListenerWD -- After find element-->By.xpath: //a[@href='/add']
23803 [Test worker] INFO  manager.ListenerWD -- Location of element-->a
23814 [Test worker] INFO  manager.ListenerWD -- Before click element -->atext-->ADD
23854 [Test worker] INFO  manager.ListenerWD -- After click element -->a
23854 [Test worker] INFO  manager.ListenerWD -- Before find element-->By.xpath: //input[@placeholder='Name']
23864 [Test worker] INFO  manager.ListenerWD -- After find element-->By.xpath: //input[@placeholder='Name']
23868 [Test worker] INFO  manager.ListenerWD -- Location of element-->input
23877 [Test worker] INFO  manager.ListenerWD -- Before click element -->inputtext-->
23934 [Test worker] INFO  manager.ListenerWD -- After click element -->input
23956 [Test worker] INFO  manager.ListenerWD -- sendKeyds-->
23959 [Test worker] INFO  manager.ListenerWD -- sendKeyds_TagName-->input
23980 [Test worker] INFO  manager.ListenerWD -- Before find element-->By.xpath: //input[@placeholder='Last Name']
23987 [Test worker] INFO  manager.ListenerWD -- After find element-->By.xpath: //input[@placeholder='Last Name']
23995 [Test worker] INFO  manager.ListenerWD -- Location of element-->input
24003 [Test worker] INFO  manager.ListenerWD -- Before click element -->inputtext-->
24045 [Test worker] INFO  manager.ListenerWD -- After click element -->input
24070 [Test worker] INFO  manager.ListenerWD -- sendKeyds-->
24073 [Test worker] INFO  manager.ListenerWD -- sendKeyds_TagName-->input
24095 [Test worker] INFO  manager.ListenerWD -- Before find element-->By.xpath: //input[@placeholder='Phone']
24110 [Test worker] INFO  manager.ListenerWD -- After find element-->By.xpath: //input[@placeholder='Phone']
24115 [Test worker] INFO  manager.ListenerWD -- Location of element-->input
24124 [Test worker] INFO  manager.ListenerWD -- Before click element -->inputtext-->
24161 [Test worker] INFO  manager.ListenerWD -- After click element -->input
24181 [Test worker] INFO  manager.ListenerWD -- sendKeyds-->
24185 [Test worker] INFO  manager.ListenerWD -- sendKeyds_TagName-->input
24204 [Test worker] INFO  manager.ListenerWD -- Before find element-->By.xpath: //input[@placeholder='email']
24214 [Test worker] INFO  manager.ListenerWD -- After find element-->By.xpath: //input[@placeholder='email']
24217 [Test worker] INFO  manager.ListenerWD -- Location of element-->input
24224 [Test worker] INFO  manager.ListenerWD -- Before click element -->inputtext-->
24261 [Test worker] INFO  manager.ListenerWD -- After click element -->input
24281 [Test worker] INFO  manager.ListenerWD -- sendKeyds-->
24285 [Test worker] INFO  manager.ListenerWD -- sendKeyds_TagName-->input
24305 [Test worker] INFO  manager.ListenerWD -- Before find element-->By.xpath: //input[@placeholder='Address']
24315 [Test worker] INFO  manager.ListenerWD -- After find element-->By.xpath: //input[@placeholder='Address']
24315 [Test worker] INFO  manager.ListenerWD -- Location of element-->input
24329 [Test worker] INFO  manager.ListenerWD -- Before click element -->inputtext-->
24361 [Test worker] INFO  manager.ListenerWD -- After click element -->input
24384 [Test worker] INFO  manager.ListenerWD -- sendKeyds-->
24388 [Test worker] INFO  manager.ListenerWD -- sendKeyds_TagName-->input
24407 [Test worker] INFO  manager.ListenerWD -- Before find element-->By.xpath: //input[@placeholder='description']
24414 [Test worker] INFO  manager.ListenerWD -- After find element-->By.xpath: //input[@placeholder='description']
24414 [Test worker] INFO  manager.ListenerWD -- Location of element-->input
24429 [Test worker] INFO  manager.ListenerWD -- Before click element -->inputtext-->
24461 [Test worker] INFO  manager.ListenerWD -- After click element -->input
34715 [Test worker] INFO  manager.ListenerWD -- Before find element-->By.xpath: //b[text()='Save']
34727 [Test worker] INFO  manager.ListenerWD -- After find element-->By.xpath: //b[text()='Save']
34727 [Test worker] INFO  manager.ListenerWD -- Location of element-->b
34741 [Test worker] INFO  manager.ListenerWD -- Before click element -->btext-->Save
34767 [Test worker] INFO  manager.ListenerWD -- After click element -->b
34774 [Test worker] INFO  manager.ListenerWD -- Huston, we have a problem!
34774 [Test worker] INFO  manager.ListenerWD -- Failed method:alert
34774 [Test worker] INFO  manager.ListenerWD -- ***************
34774 [Test worker] INFO  manager.ListenerWD -- Arguments:null
34774 [Test worker] INFO  manager.ListenerWD -- ***************
34774 [Test worker] INFO  manager.ListenerWD -- Exception:NoAlertPresentException
34774 [Test worker] INFO  manager.ListenerWD -- ***************
34774 [Test worker] INFO  manager.ListenerWD -- Messageno such alert
  (Session info: chrome=148.0.7778.216)
Build info: version: '4.26.0', revision: '8ccf0219d7'
System info: os.name: 'Windows 11', os.arch: 'amd64', os.version: '10.0', java.version: '21.0.10'
Driver info: org.openqa.selenium.chrome.ChromeDriver
Command: [6a2a890c1648cd71cf22cb3daca3e2bd, getAlertText {}]
Capabilities {acceptInsecureCerts: false, browserName: chrome, browserVersion: 148.0.7778.216, chrome: {chromedriverVersion: 148.0.7778.167 (65db666ac2c..., userDataDir: C:\Users\Pavlova\AppData\Lo...}, fedcm:accounts: true, goog:chromeOptions: {debuggerAddress: localhost:10980}, goog:processID: 18748, networkConnectionEnabled: false, pageLoadStrategy: normal, platformName: windows, proxy: Proxy(), se:cdp: ws://localhost:10980/devtoo..., se:cdpVersion: 148.0.7778.216, setWindowRect: true, strictFileInteractability: false, timeouts: {implicit: 0, pageLoad: 300000, script: 30000}, unhandledPromptBehavior: dismiss and notify, webauthn:extension:credBlob: true, webauthn:extension:largeBlob: true, webauthn:extension:minPinLength: true, webauthn:extension:prf: true, webauthn:virtualAuthenticators: true}
Session ID: 6a2a890c1648cd71cf22cb3daca3e2bd
34774 [Test worker] INFO  manager.ListenerWD -- ***************
34774 [Test worker] INFO  manager.ListenerWD -- ***************
34774 [Test worker] INFO  manager.ListenerWD -- Screen with error is--->src/test/screenshots/screen_1578.png
35289 [Test worker] INFO  tests.TestBase -- Assert check is alert present with error text 'Phone not valid: Phone number must contain only digits! And length min 10, max 15!'
35289 [Test worker] INFO  tests.TestBase -- ==============================================
35289 [Test worker] INFO  tests.TestBase -- Name of method (test) --->NegativePhoneContactTest1
35308 [Test worker] INFO  manager.ListenerWD -- Before find element-->By.xpath: //button[text()='Sign Out']
35317 [Test worker] INFO  manager.ListenerWD -- After find element-->By.xpath: //button[text()='Sign Out']
35317 [Test worker] INFO  manager.ListenerWD -- Location of element-->button
35331 [Test worker] INFO  manager.ListenerWD -- Before click element -->buttontext-->Sign Out
35372 [Test worker] INFO  tests.TestBase -- Before method finished logout
35372 [Test worker] INFO  tests.TestBase -- Start test with name 'NegativePhoneContactTest1
35372 [Test worker] INFO  tests.TestBase -- Contact Test data ---> name: 'Pavel, lastName: Lagodni, phone: 0, email: pavlova@gmail.com, address: Ein Gedi 28, & description: null'
35372 [Test worker] INFO  manager.ListenerWD -- Before find element-->By.cssSelector: a[href='/login']
35382 [Test worker] INFO  manager.ListenerWD -- After find element-->By.cssSelector: a[href='/login']
35386 [Test worker] INFO  manager.ListenerWD -- Location of element-->a
35394 [Test worker] INFO  manager.ListenerWD -- Before click element -->atext-->LOGIN
35425 [Test worker] INFO  manager.ListenerWD -- After click element -->a
35425 [Test worker] INFO  manager.ListenerWD -- Before find element-->By.name: email
35433 [Test worker] INFO  manager.ListenerWD -- After find element-->By.name: email
35437 [Test worker] INFO  manager.ListenerWD -- Location of element-->input
35446 [Test worker] INFO  manager.ListenerWD -- Before click element -->inputtext-->
35485 [Test worker] INFO  manager.ListenerWD -- After click element -->input
35504 [Test worker] INFO  manager.ListenerWD -- sendKeyds-->
35508 [Test worker] INFO  manager.ListenerWD -- sendKeyds_TagName-->input
35529 [Test worker] INFO  manager.ListenerWD -- Before find element-->By.xpath: //input[@placeholder='Password']
35532 [Test worker] INFO  manager.ListenerWD -- After find element-->By.xpath: //input[@placeholder='Password']
35539 [Test worker] INFO  manager.ListenerWD -- Location of element-->input
35550 [Test worker] INFO  manager.ListenerWD -- Before click element -->inputtext-->
35587 [Test worker] INFO  manager.ListenerWD -- After click element -->input
35605 [Test worker] INFO  manager.ListenerWD -- sendKeyds-->
35609 [Test worker] INFO  manager.ListenerWD -- sendKeyds_TagName-->input
35626 [Test worker] INFO  manager.ListenerWD -- Before find element-->By.xpath: //button[text()='Login']
35632 [Test worker] INFO  manager.ListenerWD -- After find element-->By.xpath: //button[text()='Login']
35638 [Test worker] INFO  manager.ListenerWD -- Location of element-->button
35648 [Test worker] INFO  manager.ListenerWD -- Before click element -->buttontext-->Login
35682 [Test worker] INFO  manager.ListenerWD -- Before find element-->By.xpath: //a[@href='/add']
35944 [Test worker] INFO  manager.ListenerWD -- After find element-->By.xpath: //a[@href='/add']
35949 [Test worker] INFO  manager.ListenerWD -- Location of element-->a
35956 [Test worker] INFO  manager.ListenerWD -- Before click element -->atext-->ADD
35993 [Test worker] INFO  manager.ListenerWD -- After click element -->a
35995 [Test worker] INFO  manager.ListenerWD -- Before find element-->By.xpath: //input[@placeholder='Name']
36005 [Test worker] INFO  manager.ListenerWD -- After find element-->By.xpath: //input[@placeholder='Name']
36009 [Test worker] INFO  manager.ListenerWD -- Location of element-->input
36019 [Test worker] INFO  manager.ListenerWD -- Before click element -->inputtext-->
36052 [Test worker] INFO  manager.ListenerWD -- After click element -->input
36071 [Test worker] INFO  manager.ListenerWD -- sendKeyds-->
36075 [Test worker] INFO  manager.ListenerWD -- sendKeyds_TagName-->input
36091 [Test worker] INFO  manager.ListenerWD -- Before find element-->By.xpath: //input[@placeholder='Last Name']
36098 [Test worker] INFO  manager.ListenerWD -- After find element-->By.xpath: //input[@placeholder='Last Name']
36098 [Test worker] INFO  manager.ListenerWD -- Location of element-->input
36113 [Test worker] INFO  manager.ListenerWD -- Before click element -->inputtext-->
36146 [Test worker] INFO  manager.ListenerWD -- After click element -->input
36169 [Test worker] INFO  manager.ListenerWD -- sendKeyds-->
36173 [Test worker] INFO  manager.ListenerWD -- sendKeyds_TagName-->input
36191 [Test worker] INFO  manager.ListenerWD -- Before find element-->By.xpath: //input[@placeholder='Phone']
36195 [Test worker] INFO  manager.ListenerWD -- After find element-->By.xpath: //input[@placeholder='Phone']
36206 [Test worker] INFO  manager.ListenerWD -- Location of element-->input
36214 [Test worker] INFO  manager.ListenerWD -- Before click element -->inputtext-->
36245 [Test worker] INFO  manager.ListenerWD -- After click element -->input
36267 [Test worker] INFO  manager.ListenerWD -- sendKeyds-->
36270 [Test worker] INFO  manager.ListenerWD -- sendKeyds_TagName-->input
36288 [Test worker] INFO  manager.ListenerWD -- Before find element-->By.xpath: //input[@placeholder='email']
36297 [Test worker] INFO  manager.ListenerWD -- After find element-->By.xpath: //input[@placeholder='email']
36297 [Test worker] INFO  manager.ListenerWD -- Location of element-->input
36310 [Test worker] INFO  manager.ListenerWD -- Before click element -->inputtext-->
36341 [Test worker] INFO  manager.ListenerWD -- After click element -->input
36362 [Test worker] INFO  manager.ListenerWD -- sendKeyds-->
36365 [Test worker] INFO  manager.ListenerWD -- sendKeyds_TagName-->input
36387 [Test worker] INFO  manager.ListenerWD -- Before find element-->By.xpath: //input[@placeholder='Address']
36395 [Test worker] INFO  manager.ListenerWD -- After find element-->By.xpath: //input[@placeholder='Address']
36401 [Test worker] INFO  manager.ListenerWD -- Location of element-->input
36412 [Test worker] INFO  manager.ListenerWD -- Before click element -->inputtext-->
36449 [Test worker] INFO  manager.ListenerWD -- After click element -->input
36468 [Test worker] INFO  manager.ListenerWD -- sendKeyds-->
36470 [Test worker] INFO  manager.ListenerWD -- sendKeyds_TagName-->input
36490 [Test worker] INFO  manager.ListenerWD -- Before find element-->By.xpath: //input[@placeholder='description']
36495 [Test worker] INFO  manager.ListenerWD -- After find element-->By.xpath: //input[@placeholder='description']
36502 [Test worker] INFO  manager.ListenerWD -- Location of element-->input
36507 [Test worker] INFO  manager.ListenerWD -- Before click element -->inputtext-->
36541 [Test worker] INFO  manager.ListenerWD -- After click element -->input
46770 [Test worker] INFO  manager.ListenerWD -- Before find element-->By.xpath: //b[text()='Save']
46778 [Test worker] INFO  manager.ListenerWD -- After find element-->By.xpath: //b[text()='Save']
46785 [Test worker] INFO  manager.ListenerWD -- Location of element-->b
46791 [Test worker] INFO  manager.ListenerWD -- Before click element -->btext-->Save
46819 [Test worker] INFO  manager.ListenerWD -- After click element -->b
46825 [Test worker] INFO  manager.ListenerWD -- Huston, we have a problem!
46825 [Test worker] INFO  manager.ListenerWD -- Failed method:alert
46825 [Test worker] INFO  manager.ListenerWD -- ***************
46825 [Test worker] INFO  manager.ListenerWD -- Arguments:null
46825 [Test worker] INFO  manager.ListenerWD -- ***************
46825 [Test worker] INFO  manager.ListenerWD -- Exception:NoAlertPresentException
46825 [Test worker] INFO  manager.ListenerWD -- ***************
46825 [Test worker] INFO  manager.ListenerWD -- Messageno such alert
  (Session info: chrome=148.0.7778.216)
Build info: version: '4.26.0', revision: '8ccf0219d7'
System info: os.name: 'Windows 11', os.arch: 'amd64', os.version: '10.0', java.version: '21.0.10'
Driver info: org.openqa.selenium.chrome.ChromeDriver
Command: [6a2a890c1648cd71cf22cb3daca3e2bd, getAlertText {}]
Capabilities {acceptInsecureCerts: false, browserName: chrome, browserVersion: 148.0.7778.216, chrome: {chromedriverVersion: 148.0.7778.167 (65db666ac2c..., userDataDir: C:\Users\Pavlova\AppData\Lo...}, fedcm:accounts: true, goog:chromeOptions: {debuggerAddress: localhost:10980}, goog:processID: 18748, networkConnectionEnabled: false, pageLoadStrategy: normal, platformName: windows, proxy: Proxy(), se:cdp: ws://localhost:10980/devtoo..., se:cdpVersion: 148.0.7778.216, setWindowRect: true, strictFileInteractability: false, timeouts: {implicit: 0, pageLoad: 300000, script: 30000}, unhandledPromptBehavior: dismiss and notify, webauthn:extension:credBlob: true, webauthn:extension:largeBlob: true, webauthn:extension:minPinLength: true, webauthn:extension:prf: true, webauthn:virtualAuthenticators: true}
Session ID: 6a2a890c1648cd71cf22cb3daca3e2bd
46825 [Test worker] INFO  manager.ListenerWD -- ***************
46825 [Test worker] INFO  manager.ListenerWD -- ***************
46825 [Test worker] INFO  manager.ListenerWD -- Screen with error is--->src/test/screenshots/screen_1260.png
47349 [Test worker] INFO  tests.TestBase -- Assert check is alert present with error text 'Phone not valid: Phone number must contain only digits! And length min 10, max 15!'
47349 [Test worker] INFO  tests.TestBase -- ==============================================
47351 [Test worker] INFO  tests.TestBase -- Name of method (test) --->NegativePhoneContactTest2
47358 [Test worker] INFO  manager.ListenerWD -- Before find element-->By.xpath: //button[text()='Sign Out']
47369 [Test worker] INFO  manager.ListenerWD -- After find element-->By.xpath: //button[text()='Sign Out']
47369 [Test worker] INFO  manager.ListenerWD -- Location of element-->button
47383 [Test worker] INFO  manager.ListenerWD -- Before click element -->buttontext-->Sign Out
47426 [Test worker] INFO  tests.TestBase -- Before method finished logout
47427 [Test worker] INFO  tests.TestBase -- Start test with name 'NegativePhoneContactTest2
47427 [Test worker] INFO  tests.TestBase -- Contact Test data ---> name: 'Pavel, lastName: Lagodni, phone: #######, email: pavlova@gmail.com, address: Ein Gedi 28, & description: null'
47427 [Test worker] INFO  manager.ListenerWD -- Before find element-->By.cssSelector: a[href='/login']
47437 [Test worker] INFO  manager.ListenerWD -- After find element-->By.cssSelector: a[href='/login']
47440 [Test worker] INFO  manager.ListenerWD -- Location of element-->a
47450 [Test worker] INFO  manager.ListenerWD -- Before click element -->atext-->LOGIN
47481 [Test worker] INFO  manager.ListenerWD -- After click element -->a
47484 [Test worker] INFO  manager.ListenerWD -- Before find element-->By.name: email
47492 [Test worker] INFO  manager.ListenerWD -- After find element-->By.name: email
47497 [Test worker] INFO  manager.ListenerWD -- Location of element-->input
47504 [Test worker] INFO  manager.ListenerWD -- Before click element -->inputtext-->
47542 [Test worker] INFO  manager.ListenerWD -- After click element -->input
47562 [Test worker] INFO  manager.ListenerWD -- sendKeyds-->
47565 [Test worker] INFO  manager.ListenerWD -- sendKeyds_TagName-->input
47586 [Test worker] INFO  manager.ListenerWD -- Before find element-->By.xpath: //input[@placeholder='Password']
47594 [Test worker] INFO  manager.ListenerWD -- After find element-->By.xpath: //input[@placeholder='Password']
47597 [Test worker] INFO  manager.ListenerWD -- Location of element-->input
47605 [Test worker] INFO  manager.ListenerWD -- Before click element -->inputtext-->
47641 [Test worker] INFO  manager.ListenerWD -- After click element -->input
47664 [Test worker] INFO  manager.ListenerWD -- sendKeyds-->
47667 [Test worker] INFO  manager.ListenerWD -- sendKeyds_TagName-->input
47681 [Test worker] INFO  manager.ListenerWD -- Before find element-->By.xpath: //button[text()='Login']
47691 [Test worker] INFO  manager.ListenerWD -- After find element-->By.xpath: //button[text()='Login']
47698 [Test worker] INFO  manager.ListenerWD -- Location of element-->button
47706 [Test worker] INFO  manager.ListenerWD -- Before click element -->buttontext-->Login
47749 [Test worker] INFO  manager.ListenerWD -- Before find element-->By.xpath: //a[@href='/add']
48011 [Test worker] INFO  manager.ListenerWD -- After find element-->By.xpath: //a[@href='/add']
48015 [Test worker] INFO  manager.ListenerWD -- Location of element-->a
48023 [Test worker] INFO  manager.ListenerWD -- Before click element -->atext-->ADD
48057 [Test worker] INFO  manager.ListenerWD -- After click element -->a
48057 [Test worker] INFO  manager.ListenerWD -- Before find element-->By.xpath: //input[@placeholder='Name']
48066 [Test worker] INFO  manager.ListenerWD -- After find element-->By.xpath: //input[@placeholder='Name']
48069 [Test worker] INFO  manager.ListenerWD -- Location of element-->input
48077 [Test worker] INFO  manager.ListenerWD -- Before click element -->inputtext-->
48109 [Test worker] INFO  manager.ListenerWD -- After click element -->input
48127 [Test worker] INFO  manager.ListenerWD -- sendKeyds-->
48130 [Test worker] INFO  manager.ListenerWD -- sendKeyds_TagName-->input
48148 [Test worker] INFO  manager.ListenerWD -- Before find element-->By.xpath: //input[@placeholder='Last Name']
48156 [Test worker] INFO  manager.ListenerWD -- After find element-->By.xpath: //input[@placeholder='Last Name']
48158 [Test worker] INFO  manager.ListenerWD -- Location of element-->input
48168 [Test worker] INFO  manager.ListenerWD -- Before click element -->inputtext-->
48199 [Test worker] INFO  manager.ListenerWD -- After click element -->input
48219 [Test worker] INFO  manager.ListenerWD -- sendKeyds-->
48222 [Test worker] INFO  manager.ListenerWD -- sendKeyds_TagName-->input
48240 [Test worker] INFO  manager.ListenerWD -- Before find element-->By.xpath: //input[@placeholder='Phone']
48248 [Test worker] INFO  manager.ListenerWD -- After find element-->By.xpath: //input[@placeholder='Phone']
48251 [Test worker] INFO  manager.ListenerWD -- Location of element-->input
48259 [Test worker] INFO  manager.ListenerWD -- Before click element -->inputtext-->
48293 [Test worker] INFO  manager.ListenerWD -- After click element -->input
48311 [Test worker] INFO  manager.ListenerWD -- sendKeyds-->
48315 [Test worker] INFO  manager.ListenerWD -- sendKeyds_TagName-->input
48330 [Test worker] INFO  manager.ListenerWD -- Before find element-->By.xpath: //input[@placeholder='email']
48337 [Test worker] INFO  manager.ListenerWD -- After find element-->By.xpath: //input[@placeholder='email']
48342 [Test worker] INFO  manager.ListenerWD -- Location of element-->input
48352 [Test worker] INFO  manager.ListenerWD -- Before click element -->inputtext-->
48383 [Test worker] INFO  manager.ListenerWD -- After click element -->input
48404 [Test worker] INFO  manager.ListenerWD -- sendKeyds-->
48407 [Test worker] INFO  manager.ListenerWD -- sendKeyds_TagName-->input
48427 [Test worker] INFO  manager.ListenerWD -- Before find element-->By.xpath: //input[@placeholder='Address']
48431 [Test worker] INFO  manager.ListenerWD -- After find element-->By.xpath: //input[@placeholder='Address']
48439 [Test worker] INFO  manager.ListenerWD -- Location of element-->input
48447 [Test worker] INFO  manager.ListenerWD -- Before click element -->inputtext-->
48478 [Test worker] INFO  manager.ListenerWD -- After click element -->input
48496 [Test worker] INFO  manager.ListenerWD -- sendKeyds-->
48499 [Test worker] INFO  manager.ListenerWD -- sendKeyds_TagName-->input
48519 [Test worker] INFO  manager.ListenerWD -- Before find element-->By.xpath: //input[@placeholder='description']
48527 [Test worker] INFO  manager.ListenerWD -- After find element-->By.xpath: //input[@placeholder='description']
48531 [Test worker] INFO  manager.ListenerWD -- Location of element-->input
48538 [Test worker] INFO  manager.ListenerWD -- Before click element -->inputtext-->
48575 [Test worker] INFO  manager.ListenerWD -- After click element -->input
48590 [Test worker] INFO  manager.ListenerWD -- Before find element-->By.xpath: //b[text()='Save']
48598 [Test worker] INFO  manager.ListenerWD -- After find element-->By.xpath: //b[text()='Save']
48603 [Test worker] INFO  manager.ListenerWD -- Location of element-->b
48611 [Test worker] INFO  manager.ListenerWD -- Before click element -->btext-->Save
48643 [Test worker] INFO  manager.ListenerWD -- After click element -->b
48648 [Test worker] INFO  manager.ListenerWD -- Huston, we have a problem!
48648 [Test worker] INFO  manager.ListenerWD -- Failed method:alert
48648 [Test worker] INFO  manager.ListenerWD -- ***************
48648 [Test worker] INFO  manager.ListenerWD -- Arguments:null
48648 [Test worker] INFO  manager.ListenerWD -- ***************
48648 [Test worker] INFO  manager.ListenerWD -- Exception:NoAlertPresentException
48648 [Test worker] INFO  manager.ListenerWD -- ***************
48648 [Test worker] INFO  manager.ListenerWD -- Messageno such alert
  (Session info: chrome=148.0.7778.216)
Build info: version: '4.26.0', revision: '8ccf0219d7'
System info: os.name: 'Windows 11', os.arch: 'amd64', os.version: '10.0', java.version: '21.0.10'
Driver info: org.openqa.selenium.chrome.ChromeDriver
Command: [6a2a890c1648cd71cf22cb3daca3e2bd, getAlertText {}]
Capabilities {acceptInsecureCerts: false, browserName: chrome, browserVersion: 148.0.7778.216, chrome: {chromedriverVersion: 148.0.7778.167 (65db666ac2c..., userDataDir: C:\Users\Pavlova\AppData\Lo...}, fedcm:accounts: true, goog:chromeOptions: {debuggerAddress: localhost:10980}, goog:processID: 18748, networkConnectionEnabled: false, pageLoadStrategy: normal, platformName: windows, proxy: Proxy(), se:cdp: ws://localhost:10980/devtoo..., se:cdpVersion: 148.0.7778.216, setWindowRect: true, strictFileInteractability: false, timeouts: {implicit: 0, pageLoad: 300000, script: 30000}, unhandledPromptBehavior: dismiss and notify, webauthn:extension:credBlob: true, webauthn:extension:largeBlob: true, webauthn:extension:minPinLength: true, webauthn:extension:prf: true, webauthn:virtualAuthenticators: true}
Session ID: 6a2a890c1648cd71cf22cb3daca3e2bd
48648 [Test worker] INFO  manager.ListenerWD -- ***************
48648 [Test worker] INFO  manager.ListenerWD -- ***************
48648 [Test worker] INFO  manager.ListenerWD -- Screen with error is--->src/test/screenshots/screen_1977.png
49158 [Test worker] INFO  tests.TestBase -- Assert check is alert present with error text  'Phone not valid: Phone number must contain only digits! And length min 10, max 15!'
49158 [Test worker] INFO  tests.TestBase -- ==============================================
49158 [Test worker] INFO  tests.TestBase -- Name of method (test) --->NegativePhoneContactTest2
49174 [Test worker] INFO  manager.ListenerWD -- Before find element-->By.xpath: //button[text()='Sign Out']
49184 [Test worker] INFO  manager.ListenerWD -- After find element-->By.xpath: //button[text()='Sign Out']
49189 [Test worker] INFO  manager.ListenerWD -- Location of element-->button
49197 [Test worker] INFO  manager.ListenerWD -- Before click element -->buttontext-->Sign Out
49235 [Test worker] INFO  tests.TestBase -- Before method finished logout
49236 [Test worker] INFO  tests.TestBase -- Start test with name 'NegativePhoneContactTest2
49236 [Test worker] INFO  tests.TestBase -- Contact Test data ---> name: 'Pavel, lastName: Lagodni, phone: #######, email: pavlova@gmail.com, address: Ein Gedi 28, & description: null'
49236 [Test worker] INFO  manager.ListenerWD -- Before find element-->By.cssSelector: a[href='/login']
49245 [Test worker] INFO  manager.ListenerWD -- After find element-->By.cssSelector: a[href='/login']
49249 [Test worker] INFO  manager.ListenerWD -- Location of element-->a
49257 [Test worker] INFO  manager.ListenerWD -- Before click element -->atext-->LOGIN
49286 [Test worker] INFO  manager.ListenerWD -- After click element -->a
49286 [Test worker] INFO  manager.ListenerWD -- Before find element-->By.name: email
49296 [Test worker] INFO  manager.ListenerWD -- After find element-->By.name: email
49299 [Test worker] INFO  manager.ListenerWD -- Location of element-->input
49308 [Test worker] INFO  manager.ListenerWD -- Before click element -->inputtext-->
49344 [Test worker] INFO  manager.ListenerWD -- After click element -->input
49365 [Test worker] INFO  manager.ListenerWD -- sendKeyds-->
49368 [Test worker] INFO  manager.ListenerWD -- sendKeyds_TagName-->input
49389 [Test worker] INFO  manager.ListenerWD -- Before find element-->By.xpath: //input[@placeholder='Password']
49397 [Test worker] INFO  manager.ListenerWD -- After find element-->By.xpath: //input[@placeholder='Password']
49397 [Test worker] INFO  manager.ListenerWD -- Location of element-->input
49406 [Test worker] INFO  manager.ListenerWD -- Before click element -->inputtext-->
49443 [Test worker] INFO  manager.ListenerWD -- After click element -->input
49463 [Test worker] INFO  manager.ListenerWD -- sendKeyds-->
49467 [Test worker] INFO  manager.ListenerWD -- sendKeyds_TagName-->input
49485 [Test worker] INFO  manager.ListenerWD -- Before find element-->By.xpath: //button[text()='Login']
49493 [Test worker] INFO  manager.ListenerWD -- After find element-->By.xpath: //button[text()='Login']
49497 [Test worker] INFO  manager.ListenerWD -- Location of element-->button
49501 [Test worker] INFO  manager.ListenerWD -- Before click element -->buttontext-->Login
49540 [Test worker] INFO  manager.ListenerWD -- Before find element-->By.xpath: //a[@href='/add']
49869 [Test worker] INFO  manager.ListenerWD -- After find element-->By.xpath: //a[@href='/add']
49872 [Test worker] INFO  manager.ListenerWD -- Location of element-->a
49881 [Test worker] INFO  manager.ListenerWD -- Before click element -->atext-->ADD
49914 [Test worker] INFO  manager.ListenerWD -- After click element -->a
49914 [Test worker] INFO  manager.ListenerWD -- Before find element-->By.xpath: //input[@placeholder='Name']
49922 [Test worker] INFO  manager.ListenerWD -- After find element-->By.xpath: //input[@placeholder='Name']
49926 [Test worker] INFO  manager.ListenerWD -- Location of element-->input
49935 [Test worker] INFO  manager.ListenerWD -- Before click element -->inputtext-->
49966 [Test worker] INFO  manager.ListenerWD -- After click element -->input
49984 [Test worker] INFO  manager.ListenerWD -- sendKeyds-->
49988 [Test worker] INFO  manager.ListenerWD -- sendKeyds_TagName-->input
50004 [Test worker] INFO  manager.ListenerWD -- Before find element-->By.xpath: //input[@placeholder='Last Name']
50011 [Test worker] INFO  manager.ListenerWD -- After find element-->By.xpath: //input[@placeholder='Last Name']
50016 [Test worker] INFO  manager.ListenerWD -- Location of element-->input
50019 [Test worker] INFO  manager.ListenerWD -- Before click element -->inputtext-->
50056 [Test worker] INFO  manager.ListenerWD -- After click element -->input
50075 [Test worker] INFO  manager.ListenerWD -- sendKeyds-->
50078 [Test worker] INFO  manager.ListenerWD -- sendKeyds_TagName-->input
50096 [Test worker] INFO  manager.ListenerWD -- Before find element-->By.xpath: //input[@placeholder='Phone']
50105 [Test worker] INFO  manager.ListenerWD -- After find element-->By.xpath: //input[@placeholder='Phone']
50108 [Test worker] INFO  manager.ListenerWD -- Location of element-->input
50117 [Test worker] INFO  manager.ListenerWD -- Before click element -->inputtext-->
50150 [Test worker] INFO  manager.ListenerWD -- After click element -->input
50172 [Test worker] INFO  manager.ListenerWD -- sendKeyds-->
50174 [Test worker] INFO  manager.ListenerWD -- sendKeyds_TagName-->input
50192 [Test worker] INFO  manager.ListenerWD -- Before find element-->By.xpath: //input[@placeholder='email']
50200 [Test worker] INFO  manager.ListenerWD -- After find element-->By.xpath: //input[@placeholder='email']
50206 [Test worker] INFO  manager.ListenerWD -- Location of element-->input
50215 [Test worker] INFO  manager.ListenerWD -- Before click element -->inputtext-->
50246 [Test worker] INFO  manager.ListenerWD -- After click element -->input
50264 [Test worker] INFO  manager.ListenerWD -- sendKeyds-->
50267 [Test worker] INFO  manager.ListenerWD -- sendKeyds_TagName-->input
50288 [Test worker] INFO  manager.ListenerWD -- Before find element-->By.xpath: //input[@placeholder='Address']
50297 [Test worker] INFO  manager.ListenerWD -- After find element-->By.xpath: //input[@placeholder='Address']
50301 [Test worker] INFO  manager.ListenerWD -- Location of element-->input
50302 [Test worker] INFO  manager.ListenerWD -- Before click element -->inputtext-->
50344 [Test worker] INFO  manager.ListenerWD -- After click element -->input
50366 [Test worker] INFO  manager.ListenerWD -- sendKeyds-->
50369 [Test worker] INFO  manager.ListenerWD -- sendKeyds_TagName-->input
50389 [Test worker] INFO  manager.ListenerWD -- Before find element-->By.xpath: //input[@placeholder='description']
50396 [Test worker] INFO  manager.ListenerWD -- After find element-->By.xpath: //input[@placeholder='description']
50400 [Test worker] INFO  manager.ListenerWD -- Location of element-->input
50407 [Test worker] INFO  manager.ListenerWD -- Before click element -->inputtext-->
50439 [Test worker] INFO  manager.ListenerWD -- After click element -->input
50453 [Test worker] INFO  manager.ListenerWD -- Before find element-->By.xpath: //b[text()='Save']
50460 [Test worker] INFO  manager.ListenerWD -- After find element-->By.xpath: //b[text()='Save']
50463 [Test worker] INFO  manager.ListenerWD -- Location of element-->b
50471 [Test worker] INFO  manager.ListenerWD -- Before click element -->btext-->Save
50497 [Test worker] INFO  manager.ListenerWD -- After click element -->b
50497 [Test worker] INFO  manager.ListenerWD -- Huston, we have a problem!
50497 [Test worker] INFO  manager.ListenerWD -- Failed method:alert
50497 [Test worker] INFO  manager.ListenerWD -- ***************
50497 [Test worker] INFO  manager.ListenerWD -- Arguments:null
50497 [Test worker] INFO  manager.ListenerWD -- ***************
50497 [Test worker] INFO  manager.ListenerWD -- Exception:NoAlertPresentException
50497 [Test worker] INFO  manager.ListenerWD -- ***************
50497 [Test worker] INFO  manager.ListenerWD -- Messageno such alert
  (Session info: chrome=148.0.7778.216)
Build info: version: '4.26.0', revision: '8ccf0219d7'
System info: os.name: 'Windows 11', os.arch: 'amd64', os.version: '10.0', java.version: '21.0.10'
Driver info: org.openqa.selenium.chrome.ChromeDriver
Command: [6a2a890c1648cd71cf22cb3daca3e2bd, getAlertText {}]
Capabilities {acceptInsecureCerts: false, browserName: chrome, browserVersion: 148.0.7778.216, chrome: {chromedriverVersion: 148.0.7778.167 (65db666ac2c..., userDataDir: C:\Users\Pavlova\AppData\Lo...}, fedcm:accounts: true, goog:chromeOptions: {debuggerAddress: localhost:10980}, goog:processID: 18748, networkConnectionEnabled: false, pageLoadStrategy: normal, platformName: windows, proxy: Proxy(), se:cdp: ws://localhost:10980/devtoo..., se:cdpVersion: 148.0.7778.216, setWindowRect: true, strictFileInteractability: false, timeouts: {implicit: 0, pageLoad: 300000, script: 30000}, unhandledPromptBehavior: dismiss and notify, webauthn:extension:credBlob: true, webauthn:extension:largeBlob: true, webauthn:extension:minPinLength: true, webauthn:extension:prf: true, webauthn:virtualAuthenticators: true}
Session ID: 6a2a890c1648cd71cf22cb3daca3e2bd
50497 [Test worker] INFO  manager.ListenerWD -- ***************
50497 [Test worker] INFO  manager.ListenerWD -- ***************
50497 [Test worker] INFO  manager.ListenerWD -- Screen with error is--->src/test/screenshots/screen_1763.png
51017 [Test worker] INFO  tests.TestBase -- Assert check is alert present with error text  'Phone not valid: Phone number must contain only digits! And length min 10, max 15!'
51017 [Test worker] INFO  tests.TestBase -- ==============================================
51017 [Test worker] INFO  tests.TestBase -- Name of method (test) --->NegativePhoneContactTest2
51024 [Test worker] INFO  manager.ListenerWD -- Before find element-->By.xpath: //button[text()='Sign Out']
51035 [Test worker] INFO  manager.ListenerWD -- After find element-->By.xpath: //button[text()='Sign Out']
51039 [Test worker] INFO  manager.ListenerWD -- Location of element-->button
51047 [Test worker] INFO  manager.ListenerWD -- Before click element -->buttontext-->Sign Out
51087 [Test worker] INFO  tests.TestBase -- Before method finished logout
51088 [Test worker] INFO  tests.TestBase -- Start test with name 'NegativePhoneContactTest2
51088 [Test worker] INFO  tests.TestBase -- Contact Test data ---> name: 'Pavel, lastName: Lagodni, phone: #######, email: pavlova@gmail.com, address: Ein Gedi 28, & description: null'
51088 [Test worker] INFO  manager.ListenerWD -- Before find element-->By.cssSelector: a[href='/login']
51098 [Test worker] INFO  manager.ListenerWD -- After find element-->By.cssSelector: a[href='/login']
51101 [Test worker] INFO  manager.ListenerWD -- Location of element-->a
51109 [Test worker] INFO  manager.ListenerWD -- Before click element -->atext-->LOGIN
51141 [Test worker] INFO  manager.ListenerWD -- After click element -->a
51141 [Test worker] INFO  manager.ListenerWD -- Before find element-->By.name: email
51151 [Test worker] INFO  manager.ListenerWD -- After find element-->By.name: email
51151 [Test worker] INFO  manager.ListenerWD -- Location of element-->input
51165 [Test worker] INFO  manager.ListenerWD -- Before click element -->inputtext-->
51206 [Test worker] INFO  manager.ListenerWD -- After click element -->input
51226 [Test worker] INFO  manager.ListenerWD -- sendKeyds-->
51228 [Test worker] INFO  manager.ListenerWD -- sendKeyds_TagName-->input
51250 [Test worker] INFO  manager.ListenerWD -- Before find element-->By.xpath: //input[@placeholder='Password']
51257 [Test worker] INFO  manager.ListenerWD -- After find element-->By.xpath: //input[@placeholder='Password']
51261 [Test worker] INFO  manager.ListenerWD -- Location of element-->input
51269 [Test worker] INFO  manager.ListenerWD -- Before click element -->inputtext-->
51304 [Test worker] INFO  manager.ListenerWD -- After click element -->input
51324 [Test worker] INFO  manager.ListenerWD -- sendKeyds-->
51327 [Test worker] INFO  manager.ListenerWD -- sendKeyds_TagName-->input
51344 [Test worker] INFO  manager.ListenerWD -- Before find element-->By.xpath: //button[text()='Login']
51351 [Test worker] INFO  manager.ListenerWD -- After find element-->By.xpath: //button[text()='Login']
51351 [Test worker] INFO  manager.ListenerWD -- Location of element-->button
51364 [Test worker] INFO  manager.ListenerWD -- Before click element -->buttontext-->Login
51397 [Test worker] INFO  manager.ListenerWD -- Before find element-->By.xpath: //a[@href='/add']
51663 [Test worker] INFO  manager.ListenerWD -- After find element-->By.xpath: //a[@href='/add']
51673 [Test worker] INFO  manager.ListenerWD -- Location of element-->a
51681 [Test worker] INFO  manager.ListenerWD -- Before click element -->atext-->ADD
51717 [Test worker] INFO  manager.ListenerWD -- After click element -->a
51717 [Test worker] INFO  manager.ListenerWD -- Before find element-->By.xpath: //input[@placeholder='Name']
51726 [Test worker] INFO  manager.ListenerWD -- After find element-->By.xpath: //input[@placeholder='Name']
51729 [Test worker] INFO  manager.ListenerWD -- Location of element-->input
51737 [Test worker] INFO  manager.ListenerWD -- Before click element -->inputtext-->
51772 [Test worker] INFO  manager.ListenerWD -- After click element -->input
51794 [Test worker] INFO  manager.ListenerWD -- sendKeyds-->
51796 [Test worker] INFO  manager.ListenerWD -- sendKeyds_TagName-->input
51814 [Test worker] INFO  manager.ListenerWD -- Before find element-->By.xpath: //input[@placeholder='Last Name']
51820 [Test worker] INFO  manager.ListenerWD -- After find element-->By.xpath: //input[@placeholder='Last Name']
51820 [Test worker] INFO  manager.ListenerWD -- Location of element-->input
51833 [Test worker] INFO  manager.ListenerWD -- Before click element -->inputtext-->
51866 [Test worker] INFO  manager.ListenerWD -- After click element -->input
51885 [Test worker] INFO  manager.ListenerWD -- sendKeyds-->
51888 [Test worker] INFO  manager.ListenerWD -- sendKeyds_TagName-->input
51905 [Test worker] INFO  manager.ListenerWD -- Before find element-->By.xpath: //input[@placeholder='Phone']
51913 [Test worker] INFO  manager.ListenerWD -- After find element-->By.xpath: //input[@placeholder='Phone']
51917 [Test worker] INFO  manager.ListenerWD -- Location of element-->input
51924 [Test worker] INFO  manager.ListenerWD -- Before click element -->inputtext-->
51956 [Test worker] INFO  manager.ListenerWD -- After click element -->input
51978 [Test worker] INFO  manager.ListenerWD -- sendKeyds-->
51981 [Test worker] INFO  manager.ListenerWD -- sendKeyds_TagName-->input
52000 [Test worker] INFO  manager.ListenerWD -- Before find element-->By.xpath: //input[@placeholder='email']
52005 [Test worker] INFO  manager.ListenerWD -- After find element-->By.xpath: //input[@placeholder='email']
52005 [Test worker] INFO  manager.ListenerWD -- Location of element-->input
52014 [Test worker] INFO  manager.ListenerWD -- Before click element -->inputtext-->
52052 [Test worker] INFO  manager.ListenerWD -- After click element -->input
52072 [Test worker] INFO  manager.ListenerWD -- sendKeyds-->
52074 [Test worker] INFO  manager.ListenerWD -- sendKeyds_TagName-->input
52099 [Test worker] INFO  manager.ListenerWD -- Before find element-->By.xpath: //input[@placeholder='Address']
52104 [Test worker] INFO  manager.ListenerWD -- After find element-->By.xpath: //input[@placeholder='Address']
52111 [Test worker] INFO  manager.ListenerWD -- Location of element-->input
52120 [Test worker] INFO  manager.ListenerWD -- Before click element -->inputtext-->
52156 [Test worker] INFO  manager.ListenerWD -- After click element -->input
52176 [Test worker] INFO  manager.ListenerWD -- sendKeyds-->
52180 [Test worker] INFO  manager.ListenerWD -- sendKeyds_TagName-->input
52196 [Test worker] INFO  manager.ListenerWD -- Before find element-->By.xpath: //input[@placeholder='description']
52196 [Test worker] INFO  manager.ListenerWD -- After find element-->By.xpath: //input[@placeholder='description']
52213 [Test worker] INFO  manager.ListenerWD -- Location of element-->input
52220 [Test worker] INFO  manager.ListenerWD -- Before click element -->inputtext-->
52252 [Test worker] INFO  manager.ListenerWD -- After click element -->input
52265 [Test worker] INFO  manager.ListenerWD -- Before find element-->By.xpath: //b[text()='Save']
52272 [Test worker] INFO  manager.ListenerWD -- After find element-->By.xpath: //b[text()='Save']
52275 [Test worker] INFO  manager.ListenerWD -- Location of element-->b
52282 [Test worker] INFO  manager.ListenerWD -- Before click element -->btext-->Save
52313 [Test worker] INFO  manager.ListenerWD -- After click element -->b
52317 [Test worker] INFO  manager.ListenerWD -- Huston, we have a problem!
52317 [Test worker] INFO  manager.ListenerWD -- Failed method:alert
52317 [Test worker] INFO  manager.ListenerWD -- ***************
52317 [Test worker] INFO  manager.ListenerWD -- Arguments:null
52317 [Test worker] INFO  manager.ListenerWD -- ***************
52317 [Test worker] INFO  manager.ListenerWD -- Exception:NoAlertPresentException
52317 [Test worker] INFO  manager.ListenerWD -- ***************
52317 [Test worker] INFO  manager.ListenerWD -- Messageno such alert
  (Session info: chrome=148.0.7778.216)
Build info: version: '4.26.0', revision: '8ccf0219d7'
System info: os.name: 'Windows 11', os.arch: 'amd64', os.version: '10.0', java.version: '21.0.10'
Driver info: org.openqa.selenium.chrome.ChromeDriver
Command: [6a2a890c1648cd71cf22cb3daca3e2bd, getAlertText {}]
Capabilities {acceptInsecureCerts: false, browserName: chrome, browserVersion: 148.0.7778.216, chrome: {chromedriverVersion: 148.0.7778.167 (65db666ac2c..., userDataDir: C:\Users\Pavlova\AppData\Lo...}, fedcm:accounts: true, goog:chromeOptions: {debuggerAddress: localhost:10980}, goog:processID: 18748, networkConnectionEnabled: false, pageLoadStrategy: normal, platformName: windows, proxy: Proxy(), se:cdp: ws://localhost:10980/devtoo..., se:cdpVersion: 148.0.7778.216, setWindowRect: true, strictFileInteractability: false, timeouts: {implicit: 0, pageLoad: 300000, script: 30000}, unhandledPromptBehavior: dismiss and notify, webauthn:extension:credBlob: true, webauthn:extension:largeBlob: true, webauthn:extension:minPinLength: true, webauthn:extension:prf: true, webauthn:virtualAuthenticators: true}
Session ID: 6a2a890c1648cd71cf22cb3daca3e2bd
52317 [Test worker] INFO  manager.ListenerWD -- ***************
52317 [Test worker] INFO  manager.ListenerWD -- ***************
52317 [Test worker] INFO  manager.ListenerWD -- Screen with error is--->src/test/screenshots/screen_1965.png
52829 [Test worker] INFO  tests.TestBase -- Assert check is alert present with error text  'Phone not valid: Phone number must contain only digits! And length min 10, max 15!'
52829 [Test worker] INFO  tests.TestBase -- ==============================================
52829 [Test worker] INFO  tests.TestBase -- Name of method (test) --->NegativePhoneContactTest3
52844 [Test worker] INFO  manager.ListenerWD -- Before find element-->By.xpath: //button[text()='Sign Out']
52853 [Test worker] INFO  manager.ListenerWD -- After find element-->By.xpath: //button[text()='Sign Out']
52857 [Test worker] INFO  manager.ListenerWD -- Location of element-->button
52865 [Test worker] INFO  manager.ListenerWD -- Before click element -->buttontext-->Sign Out
52906 [Test worker] INFO  tests.TestBase -- Before method finished logout
52906 [Test worker] INFO  tests.TestBase -- Start test with name 'NegativePhoneContactTest3
52906 [Test worker] INFO  tests.TestBase -- Contact Test data ---> name: 'Pavel, lastName: Lagodni, phone: 0000000, email: pavlova@gmail.com, address: Ein Gedi 28, & description: null'
52906 [Test worker] INFO  manager.ListenerWD -- Before find element-->By.cssSelector: a[href='/login']
52916 [Test worker] INFO  manager.ListenerWD -- After find element-->By.cssSelector: a[href='/login']
52920 [Test worker] INFO  manager.ListenerWD -- Location of element-->a
52927 [Test worker] INFO  manager.ListenerWD -- Before click element -->atext-->LOGIN
52960 [Test worker] INFO  manager.ListenerWD -- After click element -->a
52960 [Test worker] INFO  manager.ListenerWD -- Before find element-->By.name: email
52967 [Test worker] INFO  manager.ListenerWD -- After find element-->By.name: email
52973 [Test worker] INFO  manager.ListenerWD -- Location of element-->input
52980 [Test worker] INFO  manager.ListenerWD -- Before click element -->inputtext-->
53019 [Test worker] INFO  manager.ListenerWD -- After click element -->input
53038 [Test worker] INFO  manager.ListenerWD -- sendKeyds-->
53040 [Test worker] INFO  manager.ListenerWD -- sendKeyds_TagName-->input
53061 [Test worker] INFO  manager.ListenerWD -- Before find element-->By.xpath: //input[@placeholder='Password']
53067 [Test worker] INFO  manager.ListenerWD -- After find element-->By.xpath: //input[@placeholder='Password']
53067 [Test worker] INFO  manager.ListenerWD -- Location of element-->input
53080 [Test worker] INFO  manager.ListenerWD -- Before click element -->inputtext-->
53115 [Test worker] INFO  manager.ListenerWD -- After click element -->input
53134 [Test worker] INFO  manager.ListenerWD -- sendKeyds-->
53138 [Test worker] INFO  manager.ListenerWD -- sendKeyds_TagName-->input
53155 [Test worker] INFO  manager.ListenerWD -- Before find element-->By.xpath: //button[text()='Login']
53162 [Test worker] INFO  manager.ListenerWD -- After find element-->By.xpath: //button[text()='Login']
53166 [Test worker] INFO  manager.ListenerWD -- Location of element-->button
53174 [Test worker] INFO  manager.ListenerWD -- Before click element -->buttontext-->Login
53212 [Test worker] INFO  manager.ListenerWD -- Before find element-->By.xpath: //a[@href='/add']
53488 [Test worker] INFO  manager.ListenerWD -- After find element-->By.xpath: //a[@href='/add']
53491 [Test worker] INFO  manager.ListenerWD -- Location of element-->a
53500 [Test worker] INFO  manager.ListenerWD -- Before click element -->atext-->ADD
53534 [Test worker] INFO  manager.ListenerWD -- After click element -->a
53534 [Test worker] INFO  manager.ListenerWD -- Before find element-->By.xpath: //input[@placeholder='Name']
53541 [Test worker] INFO  manager.ListenerWD -- After find element-->By.xpath: //input[@placeholder='Name']
53545 [Test worker] INFO  manager.ListenerWD -- Location of element-->input
53553 [Test worker] INFO  manager.ListenerWD -- Before click element -->inputtext-->
53584 [Test worker] INFO  manager.ListenerWD -- After click element -->input
53602 [Test worker] INFO  manager.ListenerWD -- sendKeyds-->
53604 [Test worker] INFO  manager.ListenerWD -- sendKeyds_TagName-->input
53619 [Test worker] INFO  manager.ListenerWD -- Before find element-->By.xpath: //input[@placeholder='Last Name']
53627 [Test worker] INFO  manager.ListenerWD -- After find element-->By.xpath: //input[@placeholder='Last Name']
53629 [Test worker] INFO  manager.ListenerWD -- Location of element-->input
53637 [Test worker] INFO  manager.ListenerWD -- Before click element -->inputtext-->
53670 [Test worker] INFO  manager.ListenerWD -- After click element -->input
53689 [Test worker] INFO  manager.ListenerWD -- sendKeyds-->
53691 [Test worker] INFO  manager.ListenerWD -- sendKeyds_TagName-->input
53710 [Test worker] INFO  manager.ListenerWD -- Before find element-->By.xpath: //input[@placeholder='Phone']
53718 [Test worker] INFO  manager.ListenerWD -- After find element-->By.xpath: //input[@placeholder='Phone']
53721 [Test worker] INFO  manager.ListenerWD -- Location of element-->input
53730 [Test worker] INFO  manager.ListenerWD -- Before click element -->inputtext-->
53763 [Test worker] INFO  manager.ListenerWD -- After click element -->input
53782 [Test worker] INFO  manager.ListenerWD -- sendKeyds-->
53785 [Test worker] INFO  manager.ListenerWD -- sendKeyds_TagName-->input
53799 [Test worker] INFO  manager.ListenerWD -- Before find element-->By.xpath: //input[@placeholder='email']
53805 [Test worker] INFO  manager.ListenerWD -- After find element-->By.xpath: //input[@placeholder='email']
53805 [Test worker] INFO  manager.ListenerWD -- Location of element-->input
53820 [Test worker] INFO  manager.ListenerWD -- Before click element -->inputtext-->
53850 [Test worker] INFO  manager.ListenerWD -- After click element -->input
53871 [Test worker] INFO  manager.ListenerWD -- sendKeyds-->
53874 [Test worker] INFO  manager.ListenerWD -- sendKeyds_TagName-->input
53895 [Test worker] INFO  manager.ListenerWD -- Before find element-->By.xpath: //input[@placeholder='Address']
53901 [Test worker] INFO  manager.ListenerWD -- After find element-->By.xpath: //input[@placeholder='Address']
53901 [Test worker] INFO  manager.ListenerWD -- Location of element-->input
53912 [Test worker] INFO  manager.ListenerWD -- Before click element -->inputtext-->
53946 [Test worker] INFO  manager.ListenerWD -- After click element -->input
53966 [Test worker] INFO  manager.ListenerWD -- sendKeyds-->
53970 [Test worker] INFO  manager.ListenerWD -- sendKeyds_TagName-->input
53989 [Test worker] INFO  manager.ListenerWD -- Before find element-->By.xpath: //input[@placeholder='description']
53996 [Test worker] INFO  manager.ListenerWD -- After find element-->By.xpath: //input[@placeholder='description']
53996 [Test worker] INFO  manager.ListenerWD -- Location of element-->input
54011 [Test worker] INFO  manager.ListenerWD -- Before click element -->inputtext-->
54044 [Test worker] INFO  manager.ListenerWD -- After click element -->input
54058 [Test worker] INFO  manager.ListenerWD -- Before find element-->By.xpath: //b[text()='Save']
54065 [Test worker] INFO  manager.ListenerWD -- After find element-->By.xpath: //b[text()='Save']
54065 [Test worker] INFO  manager.ListenerWD -- Location of element-->b
54075 [Test worker] INFO  manager.ListenerWD -- Before click element -->btext-->Save
54105 [Test worker] INFO  manager.ListenerWD -- After click element -->b
54109 [Test worker] INFO  manager.ListenerWD -- Huston, we have a problem!
54109 [Test worker] INFO  manager.ListenerWD -- Failed method:alert
54109 [Test worker] INFO  manager.ListenerWD -- ***************
54109 [Test worker] INFO  manager.ListenerWD -- Arguments:null
54109 [Test worker] INFO  manager.ListenerWD -- ***************
54109 [Test worker] INFO  manager.ListenerWD -- Exception:NoAlertPresentException
54109 [Test worker] INFO  manager.ListenerWD -- ***************
54109 [Test worker] INFO  manager.ListenerWD -- Messageno such alert
  (Session info: chrome=148.0.7778.216)
Build info: version: '4.26.0', revision: '8ccf0219d7'
System info: os.name: 'Windows 11', os.arch: 'amd64', os.version: '10.0', java.version: '21.0.10'
Driver info: org.openqa.selenium.chrome.ChromeDriver
Command: [6a2a890c1648cd71cf22cb3daca3e2bd, getAlertText {}]
Capabilities {acceptInsecureCerts: false, browserName: chrome, browserVersion: 148.0.7778.216, chrome: {chromedriverVersion: 148.0.7778.167 (65db666ac2c..., userDataDir: C:\Users\Pavlova\AppData\Lo...}, fedcm:accounts: true, goog:chromeOptions: {debuggerAddress: localhost:10980}, goog:processID: 18748, networkConnectionEnabled: false, pageLoadStrategy: normal, platformName: windows, proxy: Proxy(), se:cdp: ws://localhost:10980/devtoo..., se:cdpVersion: 148.0.7778.216, setWindowRect: true, strictFileInteractability: false, timeouts: {implicit: 0, pageLoad: 300000, script: 30000}, unhandledPromptBehavior: dismiss and notify, webauthn:extension:credBlob: true, webauthn:extension:largeBlob: true, webauthn:extension:minPinLength: true, webauthn:extension:prf: true, webauthn:virtualAuthenticators: true}
Session ID: 6a2a890c1648cd71cf22cb3daca3e2bd
54109 [Test worker] INFO  manager.ListenerWD -- ***************
54109 [Test worker] INFO  manager.ListenerWD -- ***************
54109 [Test worker] INFO  manager.ListenerWD -- Screen with error is--->src/test/screenshots/screen_1249.png
54634 [Test worker] INFO  tests.TestBase -- Assert check is alert present with error text 'Phone not valid:Phone number must contain only digits! And length min 10, max 15!'
54634 [Test worker] INFO  tests.TestBase -- ==============================================
54634 [Test worker] INFO  tests.TestBase -- Name of method (test) --->NegativePhoneContactTest3
54640 [Test worker] INFO  manager.ListenerWD -- Before find element-->By.xpath: //button[text()='Sign Out']
54648 [Test worker] INFO  manager.ListenerWD -- After find element-->By.xpath: //button[text()='Sign Out']
54655 [Test worker] INFO  manager.ListenerWD -- Location of element-->button
54662 [Test worker] INFO  manager.ListenerWD -- Before click element -->buttontext-->Sign Out
54702 [Test worker] INFO  tests.TestBase -- Before method finished logout
54703 [Test worker] INFO  tests.TestBase -- Start test with name 'NegativePhoneContactTest3
54703 [Test worker] INFO  tests.TestBase -- Contact Test data ---> name: 'Pavel, lastName: Lagodni, phone: 0000000, email: pavlova@gmail.com, address: Ein Gedi 28, & description: null'
54703 [Test worker] INFO  manager.ListenerWD -- Before find element-->By.cssSelector: a[href='/login']
54712 [Test worker] INFO  manager.ListenerWD -- After find element-->By.cssSelector: a[href='/login']
54716 [Test worker] INFO  manager.ListenerWD -- Location of element-->a
54724 [Test worker] INFO  manager.ListenerWD -- Before click element -->atext-->LOGIN
54754 [Test worker] INFO  manager.ListenerWD -- After click element -->a
54754 [Test worker] INFO  manager.ListenerWD -- Before find element-->By.name: email
54760 [Test worker] INFO  manager.ListenerWD -- After find element-->By.name: email
54766 [Test worker] INFO  manager.ListenerWD -- Location of element-->input
54777 [Test worker] INFO  manager.ListenerWD -- Before click element -->inputtext-->
54815 [Test worker] INFO  manager.ListenerWD -- After click element -->input
54837 [Test worker] INFO  manager.ListenerWD -- sendKeyds-->
54839 [Test worker] INFO  manager.ListenerWD -- sendKeyds_TagName-->input
54861 [Test worker] INFO  manager.ListenerWD -- Before find element-->By.xpath: //input[@placeholder='Password']
54867 [Test worker] INFO  manager.ListenerWD -- After find element-->By.xpath: //input[@placeholder='Password']
54872 [Test worker] INFO  manager.ListenerWD -- Location of element-->input
54878 [Test worker] INFO  manager.ListenerWD -- Before click element -->inputtext-->
54914 [Test worker] INFO  manager.ListenerWD -- After click element -->input
54933 [Test worker] INFO  manager.ListenerWD -- sendKeyds-->
54935 [Test worker] INFO  manager.ListenerWD -- sendKeyds_TagName-->input
54954 [Test worker] INFO  manager.ListenerWD -- Before find element-->By.xpath: //button[text()='Login']
54961 [Test worker] INFO  manager.ListenerWD -- After find element-->By.xpath: //button[text()='Login']
54963 [Test worker] INFO  manager.ListenerWD -- Location of element-->button
54973 [Test worker] INFO  manager.ListenerWD -- Before click element -->buttontext-->Login
55011 [Test worker] INFO  manager.ListenerWD -- Before find element-->By.xpath: //a[@href='/add']
55348 [Test worker] INFO  manager.ListenerWD -- After find element-->By.xpath: //a[@href='/add']
55351 [Test worker] INFO  manager.ListenerWD -- Location of element-->a
55358 [Test worker] INFO  manager.ListenerWD -- Before click element -->atext-->ADD
55392 [Test worker] INFO  manager.ListenerWD -- After click element -->a
55392 [Test worker] INFO  manager.ListenerWD -- Before find element-->By.xpath: //input[@placeholder='Name']
55401 [Test worker] INFO  manager.ListenerWD -- After find element-->By.xpath: //input[@placeholder='Name']
55404 [Test worker] INFO  manager.ListenerWD -- Location of element-->input
55411 [Test worker] INFO  manager.ListenerWD -- Before click element -->inputtext-->
55442 [Test worker] INFO  manager.ListenerWD -- After click element -->input
55459 [Test worker] INFO  manager.ListenerWD -- sendKeyds-->
55462 [Test worker] INFO  manager.ListenerWD -- sendKeyds_TagName-->input
55477 [Test worker] INFO  manager.ListenerWD -- Before find element-->By.xpath: //input[@placeholder='Last Name']
55486 [Test worker] INFO  manager.ListenerWD -- After find element-->By.xpath: //input[@placeholder='Last Name']
55489 [Test worker] INFO  manager.ListenerWD -- Location of element-->input
55495 [Test worker] INFO  manager.ListenerWD -- Before click element -->inputtext-->
55528 [Test worker] INFO  manager.ListenerWD -- After click element -->input
55546 [Test worker] INFO  manager.ListenerWD -- sendKeyds-->
55550 [Test worker] INFO  manager.ListenerWD -- sendKeyds_TagName-->input
55567 [Test worker] INFO  manager.ListenerWD -- Before find element-->By.xpath: //input[@placeholder='Phone']
55575 [Test worker] INFO  manager.ListenerWD -- After find element-->By.xpath: //input[@placeholder='Phone']
55578 [Test worker] INFO  manager.ListenerWD -- Location of element-->input
55587 [Test worker] INFO  manager.ListenerWD -- Before click element -->inputtext-->
55619 [Test worker] INFO  manager.ListenerWD -- After click element -->input
55640 [Test worker] INFO  manager.ListenerWD -- sendKeyds-->
55640 [Test worker] INFO  manager.ListenerWD -- sendKeyds_TagName-->input
55662 [Test worker] INFO  manager.ListenerWD -- Before find element-->By.xpath: //input[@placeholder='email']
55670 [Test worker] INFO  manager.ListenerWD -- After find element-->By.xpath: //input[@placeholder='email']
55675 [Test worker] INFO  manager.ListenerWD -- Location of element-->input
55682 [Test worker] INFO  manager.ListenerWD -- Before click element -->inputtext-->
55713 [Test worker] INFO  manager.ListenerWD -- After click element -->input
55731 [Test worker] INFO  manager.ListenerWD -- sendKeyds-->
55734 [Test worker] INFO  manager.ListenerWD -- sendKeyds_TagName-->input
55754 [Test worker] INFO  manager.ListenerWD -- Before find element-->By.xpath: //input[@placeholder='Address']
55762 [Test worker] INFO  manager.ListenerWD -- After find element-->By.xpath: //input[@placeholder='Address']
55765 [Test worker] INFO  manager.ListenerWD -- Location of element-->input
55773 [Test worker] INFO  manager.ListenerWD -- Before click element -->inputtext-->
55806 [Test worker] INFO  manager.ListenerWD -- After click element -->input
55824 [Test worker] INFO  manager.ListenerWD -- sendKeyds-->
55827 [Test worker] INFO  manager.ListenerWD -- sendKeyds_TagName-->input
55848 [Test worker] INFO  manager.ListenerWD -- Before find element-->By.xpath: //input[@placeholder='description']
55859 [Test worker] INFO  manager.ListenerWD -- After find element-->By.xpath: //input[@placeholder='description']
55863 [Test worker] INFO  manager.ListenerWD -- Location of element-->input
55872 [Test worker] INFO  manager.ListenerWD -- Before click element -->inputtext-->
55906 [Test worker] INFO  manager.ListenerWD -- After click element -->input
55920 [Test worker] INFO  manager.ListenerWD -- Before find element-->By.xpath: //b[text()='Save']
55926 [Test worker] INFO  manager.ListenerWD -- After find element-->By.xpath: //b[text()='Save']
55931 [Test worker] INFO  manager.ListenerWD -- Location of element-->b
55938 [Test worker] INFO  manager.ListenerWD -- Before click element -->btext-->Save
55965 [Test worker] INFO  manager.ListenerWD -- After click element -->b
55965 [Test worker] INFO  manager.ListenerWD -- Huston, we have a problem!
55965 [Test worker] INFO  manager.ListenerWD -- Failed method:alert
55965 [Test worker] INFO  manager.ListenerWD -- ***************
55965 [Test worker] INFO  manager.ListenerWD -- Arguments:null
55965 [Test worker] INFO  manager.ListenerWD -- ***************
55965 [Test worker] INFO  manager.ListenerWD -- Exception:NoAlertPresentException
55965 [Test worker] INFO  manager.ListenerWD -- ***************
55965 [Test worker] INFO  manager.ListenerWD -- Messageno such alert
  (Session info: chrome=148.0.7778.216)
Build info: version: '4.26.0', revision: '8ccf0219d7'
System info: os.name: 'Windows 11', os.arch: 'amd64', os.version: '10.0', java.version: '21.0.10'
Driver info: org.openqa.selenium.chrome.ChromeDriver
Command: [6a2a890c1648cd71cf22cb3daca3e2bd, getAlertText {}]
Capabilities {acceptInsecureCerts: false, browserName: chrome, browserVersion: 148.0.7778.216, chrome: {chromedriverVersion: 148.0.7778.167 (65db666ac2c..., userDataDir: C:\Users\Pavlova\AppData\Lo...}, fedcm:accounts: true, goog:chromeOptions: {debuggerAddress: localhost:10980}, goog:processID: 18748, networkConnectionEnabled: false, pageLoadStrategy: normal, platformName: windows, proxy: Proxy(), se:cdp: ws://localhost:10980/devtoo..., se:cdpVersion: 148.0.7778.216, setWindowRect: true, strictFileInteractability: false, timeouts: {implicit: 0, pageLoad: 300000, script: 30000}, unhandledPromptBehavior: dismiss and notify, webauthn:extension:credBlob: true, webauthn:extension:largeBlob: true, webauthn:extension:minPinLength: true, webauthn:extension:prf: true, webauthn:virtualAuthenticators: true}
Session ID: 6a2a890c1648cd71cf22cb3daca3e2bd
55965 [Test worker] INFO  manager.ListenerWD -- ***************
55965 [Test worker] INFO  manager.ListenerWD -- ***************
55965 [Test worker] INFO  manager.ListenerWD -- Screen with error is--->src/test/screenshots/screen_1374.png
56479 [Test worker] INFO  tests.TestBase -- Assert check is alert present with error text 'Phone not valid:Phone number must contain only digits! And length min 10, max 15!'
56479 [Test worker] INFO  tests.TestBase -- ==============================================
56479 [Test worker] INFO  tests.TestBase -- Name of method (test) --->NegativePhoneContactTest3
56490 [Test worker] INFO  manager.ListenerWD -- Before find element-->By.xpath: //button[text()='Sign Out']
56498 [Test worker] INFO  manager.ListenerWD -- After find element-->By.xpath: //button[text()='Sign Out']
56498 [Test worker] INFO  manager.ListenerWD -- Location of element-->button
56510 [Test worker] INFO  manager.ListenerWD -- Before click element -->buttontext-->Sign Out
56552 [Test worker] INFO  tests.TestBase -- Before method finished logout
56553 [Test worker] INFO  tests.TestBase -- Start test with name 'NegativePhoneContactTest3
56553 [Test worker] INFO  tests.TestBase -- Contact Test data ---> name: 'Pavel, lastName: Lagodni, phone: 0000000, email: pavlova@gmail.com, address: Ein Gedi 28, & description: null'
56553 [Test worker] INFO  manager.ListenerWD -- Before find element-->By.cssSelector: a[href='/login']
56562 [Test worker] INFO  manager.ListenerWD -- After find element-->By.cssSelector: a[href='/login']
56566 [Test worker] INFO  manager.ListenerWD -- Location of element-->a
56573 [Test worker] INFO  manager.ListenerWD -- Before click element -->atext-->LOGIN
56605 [Test worker] INFO  manager.ListenerWD -- After click element -->a
56605 [Test worker] INFO  manager.ListenerWD -- Before find element-->By.name: email
56613 [Test worker] INFO  manager.ListenerWD -- After find element-->By.name: email
56618 [Test worker] INFO  manager.ListenerWD -- Location of element-->input
56627 [Test worker] INFO  manager.ListenerWD -- Before click element -->inputtext-->
56665 [Test worker] INFO  manager.ListenerWD -- After click element -->input
56684 [Test worker] INFO  manager.ListenerWD -- sendKeyds-->
56688 [Test worker] INFO  manager.ListenerWD -- sendKeyds_TagName-->input
56709 [Test worker] INFO  manager.ListenerWD -- Before find element-->By.xpath: //input[@placeholder='Password']
56715 [Test worker] INFO  manager.ListenerWD -- After find element-->By.xpath: //input[@placeholder='Password']
56719 [Test worker] INFO  manager.ListenerWD -- Location of element-->input
56725 [Test worker] INFO  manager.ListenerWD -- Before click element -->inputtext-->
56759 [Test worker] INFO  manager.ListenerWD -- After click element -->input
56777 [Test worker] INFO  manager.ListenerWD -- sendKeyds-->
56780 [Test worker] INFO  manager.ListenerWD -- sendKeyds_TagName-->input
56796 [Test worker] INFO  manager.ListenerWD -- Before find element-->By.xpath: //button[text()='Login']
56803 [Test worker] INFO  manager.ListenerWD -- After find element-->By.xpath: //button[text()='Login']
56806 [Test worker] INFO  manager.ListenerWD -- Location of element-->button
56814 [Test worker] INFO  manager.ListenerWD -- Before click element -->buttontext-->Login
56849 [Test worker] INFO  manager.ListenerWD -- Before find element-->By.xpath: //a[@href='/add']
57237 [Test worker] INFO  manager.ListenerWD -- After find element-->By.xpath: //a[@href='/add']
57240 [Test worker] INFO  manager.ListenerWD -- Location of element-->a
57249 [Test worker] INFO  manager.ListenerWD -- Before click element -->atext-->ADD
57280 [Test worker] INFO  manager.ListenerWD -- After click element -->a
57280 [Test worker] INFO  manager.ListenerWD -- Before find element-->By.xpath: //input[@placeholder='Name']
57289 [Test worker] INFO  manager.ListenerWD -- After find element-->By.xpath: //input[@placeholder='Name']
57292 [Test worker] INFO  manager.ListenerWD -- Location of element-->input
57299 [Test worker] INFO  manager.ListenerWD -- Before click element -->inputtext-->
57328 [Test worker] INFO  manager.ListenerWD -- After click element -->input
57345 [Test worker] INFO  manager.ListenerWD -- sendKeyds-->
57349 [Test worker] INFO  manager.ListenerWD -- sendKeyds_TagName-->input
57364 [Test worker] INFO  manager.ListenerWD -- Before find element-->By.xpath: //input[@placeholder='Last Name']
57369 [Test worker] INFO  manager.ListenerWD -- After find element-->By.xpath: //input[@placeholder='Last Name']
57373 [Test worker] INFO  manager.ListenerWD -- Location of element-->input
57382 [Test worker] INFO  manager.ListenerWD -- Before click element -->inputtext-->
57413 [Test worker] INFO  manager.ListenerWD -- After click element -->input
57431 [Test worker] INFO  manager.ListenerWD -- sendKeyds-->
57434 [Test worker] INFO  manager.ListenerWD -- sendKeyds_TagName-->input
57450 [Test worker] INFO  manager.ListenerWD -- Before find element-->By.xpath: //input[@placeholder='Phone']
57456 [Test worker] INFO  manager.ListenerWD -- After find element-->By.xpath: //input[@placeholder='Phone']
57460 [Test worker] INFO  manager.ListenerWD -- Location of element-->input
57468 [Test worker] INFO  manager.ListenerWD -- Before click element -->inputtext-->
57500 [Test worker] INFO  manager.ListenerWD -- After click element -->input
57519 [Test worker] INFO  manager.ListenerWD -- sendKeyds-->
57521 [Test worker] INFO  manager.ListenerWD -- sendKeyds_TagName-->input
57538 [Test worker] INFO  manager.ListenerWD -- Before find element-->By.xpath: //input[@placeholder='email']
57545 [Test worker] INFO  manager.ListenerWD -- After find element-->By.xpath: //input[@placeholder='email']
57551 [Test worker] INFO  manager.ListenerWD -- Location of element-->input
57552 [Test worker] INFO  manager.ListenerWD -- Before click element -->inputtext-->
57587 [Test worker] INFO  manager.ListenerWD -- After click element -->input
57604 [Test worker] INFO  manager.ListenerWD -- sendKeyds-->
57606 [Test worker] INFO  manager.ListenerWD -- sendKeyds_TagName-->input
57632 [Test worker] INFO  manager.ListenerWD -- Before find element-->By.xpath: //input[@placeholder='Address']
57640 [Test worker] INFO  manager.ListenerWD -- After find element-->By.xpath: //input[@placeholder='Address']
57640 [Test worker] INFO  manager.ListenerWD -- Location of element-->input
57652 [Test worker] INFO  manager.ListenerWD -- Before click element -->inputtext-->
57681 [Test worker] INFO  manager.ListenerWD -- After click element -->input
57709 [Test worker] INFO  manager.ListenerWD -- sendKeyds-->
57714 [Test worker] INFO  manager.ListenerWD -- sendKeyds_TagName-->input
57730 [Test worker] INFO  manager.ListenerWD -- Before find element-->By.xpath: //input[@placeholder='description']
57744 [Test worker] INFO  manager.ListenerWD -- After find element-->By.xpath: //input[@placeholder='description']
57749 [Test worker] INFO  manager.ListenerWD -- Location of element-->input
57760 [Test worker] INFO  manager.ListenerWD -- Before click element -->inputtext-->
57797 [Test worker] INFO  manager.ListenerWD -- After click element -->input
57818 [Test worker] INFO  manager.ListenerWD -- Before find element-->By.xpath: //b[text()='Save']
57826 [Test worker] INFO  manager.ListenerWD -- After find element-->By.xpath: //b[text()='Save']
57830 [Test worker] INFO  manager.ListenerWD -- Location of element-->b
57839 [Test worker] INFO  manager.ListenerWD -- Before click element -->btext-->Save
57864 [Test worker] INFO  manager.ListenerWD -- After click element -->b
57864 [Test worker] INFO  manager.ListenerWD -- Huston, we have a problem!
57864 [Test worker] INFO  manager.ListenerWD -- Failed method:alert
57864 [Test worker] INFO  manager.ListenerWD -- ***************
57864 [Test worker] INFO  manager.ListenerWD -- Arguments:null
57864 [Test worker] INFO  manager.ListenerWD -- ***************
57864 [Test worker] INFO  manager.ListenerWD -- Exception:NoAlertPresentException
57864 [Test worker] INFO  manager.ListenerWD -- ***************
57864 [Test worker] INFO  manager.ListenerWD -- Messageno such alert
  (Session info: chrome=148.0.7778.216)
Build info: version: '4.26.0', revision: '8ccf0219d7'
System info: os.name: 'Windows 11', os.arch: 'amd64', os.version: '10.0', java.version: '21.0.10'
Driver info: org.openqa.selenium.chrome.ChromeDriver
Command: [6a2a890c1648cd71cf22cb3daca3e2bd, getAlertText {}]
Capabilities {acceptInsecureCerts: false, browserName: chrome, browserVersion: 148.0.7778.216, chrome: {chromedriverVersion: 148.0.7778.167 (65db666ac2c..., userDataDir: C:\Users\Pavlova\AppData\Lo...}, fedcm:accounts: true, goog:chromeOptions: {debuggerAddress: localhost:10980}, goog:processID: 18748, networkConnectionEnabled: false, pageLoadStrategy: normal, platformName: windows, proxy: Proxy(), se:cdp: ws://localhost:10980/devtoo..., se:cdpVersion: 148.0.7778.216, setWindowRect: true, strictFileInteractability: false, timeouts: {implicit: 0, pageLoad: 300000, script: 30000}, unhandledPromptBehavior: dismiss and notify, webauthn:extension:credBlob: true, webauthn:extension:largeBlob: true, webauthn:extension:minPinLength: true, webauthn:extension:prf: true, webauthn:virtualAuthenticators: true}
Session ID: 6a2a890c1648cd71cf22cb3daca3e2bd
57864 [Test worker] INFO  manager.ListenerWD -- ***************
57864 [Test worker] INFO  manager.ListenerWD -- ***************
57864 [Test worker] INFO  manager.ListenerWD -- Screen with error is--->src/test/screenshots/screen_1905.png
58389 [Test worker] INFO  tests.TestBase -- Assert check is alert present with error text 'Phone not valid:Phone number must contain only digits! And length min 10, max 15!'
58390 [Test worker] INFO  tests.TestBase -- ==============================================
58391 [Test worker] INFO  tests.TestBase -- Name of method (test) --->PositiveContactTest
58401 [Test worker] INFO  manager.ListenerWD -- Before find element-->By.xpath: //button[text()='Sign Out']
58408 [Test worker] INFO  manager.ListenerWD -- After find element-->By.xpath: //button[text()='Sign Out']
58409 [Test worker] INFO  manager.ListenerWD -- Location of element-->button
58414 [Test worker] INFO  manager.ListenerWD -- Before click element -->buttontext-->Sign Out
58457 [Test worker] INFO  tests.TestBase -- Before method finished logout
58457 [Test worker] INFO  tests.TestBase -- Start test with name 'PositiveContactTest'
58457 [Test worker] INFO  tests.TestBase -- Contact Test data ---> name: 'Pavel, lastName: Lagodni, phone: 0507722271, email: pavlova@gmail.com, address: Ein Gedi 28, & description: null'
58457 [Test worker] INFO  manager.ListenerWD -- Before find element-->By.cssSelector: a[href='/login']
58466 [Test worker] INFO  manager.ListenerWD -- After find element-->By.cssSelector: a[href='/login']
58470 [Test worker] INFO  manager.ListenerWD -- Location of element-->a
58476 [Test worker] INFO  manager.ListenerWD -- Before click element -->atext-->LOGIN
58498 [Test worker] INFO  manager.ListenerWD -- After click element -->a
58498 [Test worker] INFO  manager.ListenerWD -- Before find element-->By.name: email
58514 [Test worker] INFO  manager.ListenerWD -- After find element-->By.name: email
58518 [Test worker] INFO  manager.ListenerWD -- Location of element-->input
58524 [Test worker] INFO  manager.ListenerWD -- Before click element -->inputtext-->
58555 [Test worker] INFO  manager.ListenerWD -- After click element -->input
58580 [Test worker] INFO  manager.ListenerWD -- sendKeyds-->
58583 [Test worker] INFO  manager.ListenerWD -- sendKeyds_TagName-->input
58602 [Test worker] INFO  manager.ListenerWD -- Before find element-->By.xpath: //input[@placeholder='Password']
58602 [Test worker] INFO  manager.ListenerWD -- After find element-->By.xpath: //input[@placeholder='Password']
58602 [Test worker] INFO  manager.ListenerWD -- Location of element-->input
58614 [Test worker] INFO  manager.ListenerWD -- Before click element -->inputtext-->
58655 [Test worker] INFO  manager.ListenerWD -- After click element -->input
58673 [Test worker] INFO  manager.ListenerWD -- sendKeyds-->
58677 [Test worker] INFO  manager.ListenerWD -- sendKeyds_TagName-->input
58692 [Test worker] INFO  manager.ListenerWD -- Before find element-->By.xpath: //button[text()='Login']
58699 [Test worker] INFO  manager.ListenerWD -- After find element-->By.xpath: //button[text()='Login']
58703 [Test worker] INFO  manager.ListenerWD -- Location of element-->button
58709 [Test worker] INFO  manager.ListenerWD -- Before click element -->buttontext-->Login
58739 [Test worker] INFO  manager.ListenerWD -- Before find element-->By.xpath: //a[@href='/add']
58997 [Test worker] INFO  manager.ListenerWD -- After find element-->By.xpath: //a[@href='/add']
58997 [Test worker] INFO  manager.ListenerWD -- Location of element-->a
59015 [Test worker] INFO  manager.ListenerWD -- Before click element -->atext-->ADD
59051 [Test worker] INFO  manager.ListenerWD -- After click element -->a
59051 [Test worker] INFO  manager.ListenerWD -- Before find element-->By.xpath: //input[@placeholder='Name']
59059 [Test worker] INFO  manager.ListenerWD -- After find element-->By.xpath: //input[@placeholder='Name']
59062 [Test worker] INFO  manager.ListenerWD -- Location of element-->input
59070 [Test worker] INFO  manager.ListenerWD -- Before click element -->inputtext-->
59102 [Test worker] INFO  manager.ListenerWD -- After click element -->input
59119 [Test worker] INFO  manager.ListenerWD -- sendKeyds-->
59122 [Test worker] INFO  manager.ListenerWD -- sendKeyds_TagName-->input
59137 [Test worker] INFO  manager.ListenerWD -- Before find element-->By.xpath: //input[@placeholder='Last Name']
59145 [Test worker] INFO  manager.ListenerWD -- After find element-->By.xpath: //input[@placeholder='Last Name']
59148 [Test worker] INFO  manager.ListenerWD -- Location of element-->input
59148 [Test worker] INFO  manager.ListenerWD -- Before click element -->inputtext-->
59189 [Test worker] INFO  manager.ListenerWD -- After click element -->input
59205 [Test worker] INFO  manager.ListenerWD -- sendKeyds-->
59205 [Test worker] INFO  manager.ListenerWD -- sendKeyds_TagName-->input
59228 [Test worker] INFO  manager.ListenerWD -- Before find element-->By.xpath: //input[@placeholder='Phone']
59237 [Test worker] INFO  manager.ListenerWD -- After find element-->By.xpath: //input[@placeholder='Phone']
59240 [Test worker] INFO  manager.ListenerWD -- Location of element-->input
59247 [Test worker] INFO  manager.ListenerWD -- Before click element -->inputtext-->
59268 [Test worker] INFO  manager.ListenerWD -- After click element -->input
59294 [Test worker] INFO  manager.ListenerWD -- sendKeyds-->
59298 [Test worker] INFO  manager.ListenerWD -- sendKeyds_TagName-->input
59314 [Test worker] INFO  manager.ListenerWD -- Before find element-->By.xpath: //input[@placeholder='email']
59314 [Test worker] INFO  manager.ListenerWD -- After find element-->By.xpath: //input[@placeholder='email']
59314 [Test worker] INFO  manager.ListenerWD -- Location of element-->input
59331 [Test worker] INFO  manager.ListenerWD -- Before click element -->inputtext-->
59364 [Test worker] INFO  manager.ListenerWD -- After click element -->input
59383 [Test worker] INFO  manager.ListenerWD -- sendKeyds-->
59385 [Test worker] INFO  manager.ListenerWD -- sendKeyds_TagName-->input
59404 [Test worker] INFO  manager.ListenerWD -- Before find element-->By.xpath: //input[@placeholder='Address']
59411 [Test worker] INFO  manager.ListenerWD -- After find element-->By.xpath: //input[@placeholder='Address']
59414 [Test worker] INFO  manager.ListenerWD -- Location of element-->input
59420 [Test worker] INFO  manager.ListenerWD -- Before click element -->inputtext-->
59453 [Test worker] INFO  manager.ListenerWD -- After click element -->input
59469 [Test worker] INFO  manager.ListenerWD -- sendKeyds-->
59474 [Test worker] INFO  manager.ListenerWD -- sendKeyds_TagName-->input
59492 [Test worker] INFO  manager.ListenerWD -- Before find element-->By.xpath: //input[@placeholder='description']
59501 [Test worker] INFO  manager.ListenerWD -- After find element-->By.xpath: //input[@placeholder='description']
59504 [Test worker] INFO  manager.ListenerWD -- Location of element-->input
59511 [Test worker] INFO  manager.ListenerWD -- Before click element -->inputtext-->
59532 [Test worker] INFO  manager.ListenerWD -- After click element -->input
59560 [Test worker] INFO  manager.ListenerWD -- sendKeyds-->
59562 [Test worker] INFO  manager.ListenerWD -- sendKeyds_TagName-->input
59577 [Test worker] INFO  manager.ListenerWD -- Before find element-->By.xpath: //b[text()='Save']
59584 [Test worker] INFO  manager.ListenerWD -- After find element-->By.xpath: //b[text()='Save']
59587 [Test worker] INFO  manager.ListenerWD -- Location of element-->b
59592 [Test worker] INFO  manager.ListenerWD -- Before click element -->btext-->Save
59622 [Test worker] INFO  manager.ListenerWD -- After click element -->b
59623 [Test worker] INFO  manager.ListenerWD -- Before find element-->By.xpath: //h2[text()='Pavel']
60013 [Test worker] INFO  manager.ListenerWD -- After find element-->By.xpath: //h2[text()='Pavel']
60016 [Test worker] INFO  manager.ListenerWD -- Location of element-->h2
60024 [Test worker] INFO  manager.ListenerWD -- Before click element -->h2text-->Pavel
60061 [Test worker] INFO  manager.ListenerWD -- After click element -->h2
60074 [Test worker] INFO  tests.TestBase -- Assert check is alert present with button 'Edit'
60074 [Test worker] INFO  tests.TestBase -- ==============================================
60074 [Test worker] INFO  tests.TestBase -- Name of method (test) --->PositiveContactTest
60082 [Test worker] INFO  manager.ListenerWD -- Before find element-->By.xpath: //button[text()='Sign Out']
60090 [Test worker] INFO  manager.ListenerWD -- After find element-->By.xpath: //button[text()='Sign Out']
60093 [Test worker] INFO  manager.ListenerWD -- Location of element-->button
60100 [Test worker] INFO  manager.ListenerWD -- Before click element -->buttontext-->Sign Out
60140 [Test worker] INFO  tests.TestBase -- Before method finished logout
60140 [Test worker] INFO  tests.TestBase -- Start test with name 'PositiveContactTest'
60140 [Test worker] INFO  tests.TestBase -- Contact Test data ---> name: 'Pavel, lastName: Lagodni, phone: 0507722271, email: pavlova@gmail.com, address: Ein Gedi 28, & description: null'
60140 [Test worker] INFO  manager.ListenerWD -- Before find element-->By.cssSelector: a[href='/login']
60152 [Test worker] INFO  manager.ListenerWD -- After find element-->By.cssSelector: a[href='/login']
60156 [Test worker] INFO  manager.ListenerWD -- Location of element-->a
60166 [Test worker] INFO  manager.ListenerWD -- Before click element -->atext-->LOGIN
60203 [Test worker] INFO  manager.ListenerWD -- After click element -->a
60203 [Test worker] INFO  manager.ListenerWD -- Before find element-->By.name: email
60217 [Test worker] INFO  manager.ListenerWD -- After find element-->By.name: email
60222 [Test worker] INFO  manager.ListenerWD -- Location of element-->input
60230 [Test worker] INFO  manager.ListenerWD -- Before click element -->inputtext-->
60269 [Test worker] INFO  manager.ListenerWD -- After click element -->input
60299 [Test worker] INFO  manager.ListenerWD -- sendKeyds-->
60302 [Test worker] INFO  manager.ListenerWD -- sendKeyds_TagName-->input
60324 [Test worker] INFO  manager.ListenerWD -- Before find element-->By.xpath: //input[@placeholder='Password']
60336 [Test worker] INFO  manager.ListenerWD -- After find element-->By.xpath: //input[@placeholder='Password']
60340 [Test worker] INFO  manager.ListenerWD -- Location of element-->input
60350 [Test worker] INFO  manager.ListenerWD -- Before click element -->inputtext-->
60390 [Test worker] INFO  manager.ListenerWD -- After click element -->input
60409 [Test worker] INFO  manager.ListenerWD -- sendKeyds-->
60412 [Test worker] INFO  manager.ListenerWD -- sendKeyds_TagName-->input
60431 [Test worker] INFO  manager.ListenerWD -- Before find element-->By.xpath: //button[text()='Login']
60442 [Test worker] INFO  manager.ListenerWD -- After find element-->By.xpath: //button[text()='Login']
60446 [Test worker] INFO  manager.ListenerWD -- Location of element-->button
60453 [Test worker] INFO  manager.ListenerWD -- Before click element -->buttontext-->Login
60489 [Test worker] INFO  manager.ListenerWD -- Before find element-->By.xpath: //a[@href='/add']
60770 [Test worker] INFO  manager.ListenerWD -- After find element-->By.xpath: //a[@href='/add']
60773 [Test worker] INFO  manager.ListenerWD -- Location of element-->a
60780 [Test worker] INFO  manager.ListenerWD -- Before click element -->atext-->ADD
60813 [Test worker] INFO  manager.ListenerWD -- After click element -->a
60813 [Test worker] INFO  manager.ListenerWD -- Before find element-->By.xpath: //input[@placeholder='Name']
60821 [Test worker] INFO  manager.ListenerWD -- After find element-->By.xpath: //input[@placeholder='Name']
60825 [Test worker] INFO  manager.ListenerWD -- Location of element-->input
60835 [Test worker] INFO  manager.ListenerWD -- Before click element -->inputtext-->
60873 [Test worker] INFO  manager.ListenerWD -- After click element -->input
60899 [Test worker] INFO  manager.ListenerWD -- sendKeyds-->
60902 [Test worker] INFO  manager.ListenerWD -- sendKeyds_TagName-->input
60920 [Test worker] INFO  manager.ListenerWD -- Before find element-->By.xpath: //input[@placeholder='Last Name']
60931 [Test worker] INFO  manager.ListenerWD -- After find element-->By.xpath: //input[@placeholder='Last Name']
60936 [Test worker] INFO  manager.ListenerWD -- Location of element-->input
60936 [Test worker] INFO  manager.ListenerWD -- Before click element -->inputtext-->
60982 [Test worker] INFO  manager.ListenerWD -- After click element -->input
61005 [Test worker] INFO  manager.ListenerWD -- sendKeyds-->
61009 [Test worker] INFO  manager.ListenerWD -- sendKeyds_TagName-->input
61026 [Test worker] INFO  manager.ListenerWD -- Before find element-->By.xpath: //input[@placeholder='Phone']
61035 [Test worker] INFO  manager.ListenerWD -- After find element-->By.xpath: //input[@placeholder='Phone']
61040 [Test worker] INFO  manager.ListenerWD -- Location of element-->input
61052 [Test worker] INFO  manager.ListenerWD -- Before click element -->inputtext-->
61094 [Test worker] INFO  manager.ListenerWD -- After click element -->input
61115 [Test worker] INFO  manager.ListenerWD -- sendKeyds-->
61118 [Test worker] INFO  manager.ListenerWD -- sendKeyds_TagName-->input
61138 [Test worker] INFO  manager.ListenerWD -- Before find element-->By.xpath: //input[@placeholder='email']
61147 [Test worker] INFO  manager.ListenerWD -- After find element-->By.xpath: //input[@placeholder='email']
61149 [Test worker] INFO  manager.ListenerWD -- Location of element-->input
61158 [Test worker] INFO  manager.ListenerWD -- Before click element -->inputtext-->
61190 [Test worker] INFO  manager.ListenerWD -- After click element -->input
61214 [Test worker] INFO  manager.ListenerWD -- sendKeyds-->
61217 [Test worker] INFO  manager.ListenerWD -- sendKeyds_TagName-->input
61240 [Test worker] INFO  manager.ListenerWD -- Before find element-->By.xpath: //input[@placeholder='Address']
61250 [Test worker] INFO  manager.ListenerWD -- After find element-->By.xpath: //input[@placeholder='Address']
61250 [Test worker] INFO  manager.ListenerWD -- Location of element-->input
61265 [Test worker] INFO  manager.ListenerWD -- Before click element -->inputtext-->
61303 [Test worker] INFO  manager.ListenerWD -- After click element -->input
61325 [Test worker] INFO  manager.ListenerWD -- sendKeyds-->
61328 [Test worker] INFO  manager.ListenerWD -- sendKeyds_TagName-->input
61348 [Test worker] INFO  manager.ListenerWD -- Before find element-->By.xpath: //input[@placeholder='description']
61358 [Test worker] INFO  manager.ListenerWD -- After find element-->By.xpath: //input[@placeholder='description']
61362 [Test worker] INFO  manager.ListenerWD -- Location of element-->input
61371 [Test worker] INFO  manager.ListenerWD -- Before click element -->inputtext-->
61406 [Test worker] INFO  manager.ListenerWD -- After click element -->input
61424 [Test worker] INFO  manager.ListenerWD -- Before find element-->By.xpath: //b[text()='Save']
61432 [Test worker] INFO  manager.ListenerWD -- After find element-->By.xpath: //b[text()='Save']
61436 [Test worker] INFO  manager.ListenerWD -- Location of element-->b
61444 [Test worker] INFO  manager.ListenerWD -- Before click element -->btext-->Save
61464 [Test worker] INFO  manager.ListenerWD -- After click element -->b
61464 [Test worker] INFO  manager.ListenerWD -- Before find element-->By.xpath: //h2[text()='Pavel']
61865 [Test worker] INFO  manager.ListenerWD -- After find element-->By.xpath: //h2[text()='Pavel']
61866 [Test worker] INFO  manager.ListenerWD -- Location of element-->h2
61874 [Test worker] INFO  manager.ListenerWD -- Before click element -->h2text-->Pavel
61903 [Test worker] INFO  manager.ListenerWD -- After click element -->h2
61913 [Test worker] INFO  tests.TestBase -- Assert check is alert present with button 'Edit'
61915 [Test worker] INFO  tests.TestBase -- ==============================================
61916 [Test worker] INFO  tests.TestBase -- Name of method (test) --->PositiveContactTest2
61919 [Test worker] INFO  manager.ListenerWD -- Before find element-->By.xpath: //button[text()='Sign Out']
61931 [Test worker] INFO  manager.ListenerWD -- After find element-->By.xpath: //button[text()='Sign Out']
61934 [Test worker] INFO  manager.ListenerWD -- Location of element-->button
61940 [Test worker] INFO  manager.ListenerWD -- Before click element -->buttontext-->Sign Out
61976 [Test worker] INFO  tests.TestBase -- Before method finished logout
61977 [Test worker] INFO  tests.TestBase -- Start test with name 'PositiveContactTest2'
61977 [Test worker] INFO  tests.TestBase -- Contact Test data ---> name: 'Pavel, lastName: Lagodni, phone: 0507722271, email: pavlova@gmail.com, address: Ein Gedi 28'
61977 [Test worker] INFO  manager.ListenerWD -- Before find element-->By.cssSelector: a[href='/login']
61986 [Test worker] INFO  manager.ListenerWD -- After find element-->By.cssSelector: a[href='/login']
61990 [Test worker] INFO  manager.ListenerWD -- Location of element-->a
61998 [Test worker] INFO  manager.ListenerWD -- Before click element -->atext-->LOGIN
62031 [Test worker] INFO  manager.ListenerWD -- After click element -->a
62031 [Test worker] INFO  manager.ListenerWD -- Before find element-->By.name: email
62039 [Test worker] INFO  manager.ListenerWD -- After find element-->By.name: email
62043 [Test worker] INFO  manager.ListenerWD -- Location of element-->input
62050 [Test worker] INFO  manager.ListenerWD -- Before click element -->inputtext-->
62083 [Test worker] INFO  manager.ListenerWD -- After click element -->input
62106 [Test worker] INFO  manager.ListenerWD -- sendKeyds-->
62108 [Test worker] INFO  manager.ListenerWD -- sendKeyds_TagName-->input
62128 [Test worker] INFO  manager.ListenerWD -- Before find element-->By.xpath: //input[@placeholder='Password']
62130 [Test worker] INFO  manager.ListenerWD -- After find element-->By.xpath: //input[@placeholder='Password']
62130 [Test worker] INFO  manager.ListenerWD -- Location of element-->input
62147 [Test worker] INFO  manager.ListenerWD -- Before click element -->inputtext-->
62183 [Test worker] INFO  manager.ListenerWD -- After click element -->input
62201 [Test worker] INFO  manager.ListenerWD -- sendKeyds-->
62204 [Test worker] INFO  manager.ListenerWD -- sendKeyds_TagName-->input
62221 [Test worker] INFO  manager.ListenerWD -- Before find element-->By.xpath: //button[text()='Login']
62230 [Test worker] INFO  manager.ListenerWD -- After find element-->By.xpath: //button[text()='Login']
62231 [Test worker] INFO  manager.ListenerWD -- Location of element-->button
62238 [Test worker] INFO  manager.ListenerWD -- Before click element -->buttontext-->Login
62274 [Test worker] INFO  manager.ListenerWD -- Before find element-->By.xpath: //a[@href='/add']
62531 [Test worker] INFO  manager.ListenerWD -- After find element-->By.xpath: //a[@href='/add']
62538 [Test worker] INFO  manager.ListenerWD -- Location of element-->a
62547 [Test worker] INFO  manager.ListenerWD -- Before click element -->atext-->ADD
62586 [Test worker] INFO  manager.ListenerWD -- After click element -->a
62586 [Test worker] INFO  manager.ListenerWD -- Before find element-->By.xpath: //input[@placeholder='Name']
62594 [Test worker] INFO  manager.ListenerWD -- After find element-->By.xpath: //input[@placeholder='Name']
62597 [Test worker] INFO  manager.ListenerWD -- Location of element-->input
62605 [Test worker] INFO  manager.ListenerWD -- Before click element -->inputtext-->
62638 [Test worker] INFO  manager.ListenerWD -- After click element -->input
62658 [Test worker] INFO  manager.ListenerWD -- sendKeyds-->
62660 [Test worker] INFO  manager.ListenerWD -- sendKeyds_TagName-->input
62676 [Test worker] INFO  manager.ListenerWD -- Before find element-->By.xpath: //input[@placeholder='Last Name']
62684 [Test worker] INFO  manager.ListenerWD -- After find element-->By.xpath: //input[@placeholder='Last Name']
62688 [Test worker] INFO  manager.ListenerWD -- Location of element-->input
62695 [Test worker] INFO  manager.ListenerWD -- Before click element -->inputtext-->
62727 [Test worker] INFO  manager.ListenerWD -- After click element -->input
62750 [Test worker] INFO  manager.ListenerWD -- sendKeyds-->
62753 [Test worker] INFO  manager.ListenerWD -- sendKeyds_TagName-->input
62771 [Test worker] INFO  manager.ListenerWD -- Before find element-->By.xpath: //input[@placeholder='Phone']
62779 [Test worker] INFO  manager.ListenerWD -- After find element-->By.xpath: //input[@placeholder='Phone']
62783 [Test worker] INFO  manager.ListenerWD -- Location of element-->input
62789 [Test worker] INFO  manager.ListenerWD -- Before click element -->inputtext-->
62823 [Test worker] INFO  manager.ListenerWD -- After click element -->input
62842 [Test worker] INFO  manager.ListenerWD -- sendKeyds-->
62844 [Test worker] INFO  manager.ListenerWD -- sendKeyds_TagName-->input
62864 [Test worker] INFO  manager.ListenerWD -- Before find element-->By.xpath: //input[@placeholder='email']
62869 [Test worker] INFO  manager.ListenerWD -- After find element-->By.xpath: //input[@placeholder='email']
62869 [Test worker] INFO  manager.ListenerWD -- Location of element-->input
62882 [Test worker] INFO  manager.ListenerWD -- Before click element -->inputtext-->
62915 [Test worker] INFO  manager.ListenerWD -- After click element -->input
62934 [Test worker] INFO  manager.ListenerWD -- sendKeyds-->
62937 [Test worker] INFO  manager.ListenerWD -- sendKeyds_TagName-->input
62956 [Test worker] INFO  manager.ListenerWD -- Before find element-->By.xpath: //input[@placeholder='Address']
62963 [Test worker] INFO  manager.ListenerWD -- After find element-->By.xpath: //input[@placeholder='Address']
62966 [Test worker] INFO  manager.ListenerWD -- Location of element-->input
62973 [Test worker] INFO  manager.ListenerWD -- Before click element -->inputtext-->
63010 [Test worker] INFO  manager.ListenerWD -- After click element -->input
63028 [Test worker] INFO  manager.ListenerWD -- sendKeyds-->
63031 [Test worker] INFO  manager.ListenerWD -- sendKeyds_TagName-->input
63052 [Test worker] INFO  manager.ListenerWD -- Before find element-->By.xpath: //input[@placeholder='description']
63052 [Test worker] INFO  manager.ListenerWD -- After find element-->By.xpath: //input[@placeholder='description']
63052 [Test worker] INFO  manager.ListenerWD -- Location of element-->input
63067 [Test worker] INFO  manager.ListenerWD -- Before click element -->inputtext-->
63102 [Test worker] INFO  manager.ListenerWD -- After click element -->input
63119 [Test worker] INFO  manager.ListenerWD -- sendKeyds-->
63119 [Test worker] INFO  manager.ListenerWD -- sendKeyds_TagName-->input
63138 [Test worker] INFO  manager.ListenerWD -- Before find element-->By.xpath: //b[text()='Save']
63146 [Test worker] INFO  manager.ListenerWD -- After find element-->By.xpath: //b[text()='Save']
63149 [Test worker] INFO  manager.ListenerWD -- Location of element-->b
63155 [Test worker] INFO  manager.ListenerWD -- Before click element -->btext-->Save
63183 [Test worker] INFO  manager.ListenerWD -- After click element -->b
63183 [Test worker] INFO  manager.ListenerWD -- Before find element-->By.xpath: //h2[text()='Pavel']
63582 [Test worker] INFO  manager.ListenerWD -- After find element-->By.xpath: //h2[text()='Pavel']
63584 [Test worker] INFO  manager.ListenerWD -- Location of element-->h2
63592 [Test worker] INFO  manager.ListenerWD -- Before click element -->h2text-->Pavel
63622 [Test worker] INFO  manager.ListenerWD -- After click element -->h2
63630 [Test worker] INFO  tests.TestBase -- Assert check is alert present with button  'Edit'
63631 [Test worker] INFO  tests.TestBase -- ==============================================
63632 [Test worker] INFO  tests.TestBase -- Name of method (test) --->PositiveContactTest2
63638 [Test worker] INFO  manager.ListenerWD -- Before find element-->By.xpath: //button[text()='Sign Out']
63647 [Test worker] INFO  manager.ListenerWD -- After find element-->By.xpath: //button[text()='Sign Out']
63650 [Test worker] INFO  manager.ListenerWD -- Location of element-->button
63657 [Test worker] INFO  manager.ListenerWD -- Before click element -->buttontext-->Sign Out
63693 [Test worker] INFO  tests.TestBase -- Before method finished logout
63694 [Test worker] INFO  tests.TestBase -- Start test with name 'PositiveContactTest2'
63694 [Test worker] INFO  tests.TestBase -- Contact Test data ---> name: 'Pavel, lastName: Lagodni, phone: 0507722271, email: pavlova@gmail.com, address: Ein Gedi 28'
63694 [Test worker] INFO  manager.ListenerWD -- Before find element-->By.cssSelector: a[href='/login']
63701 [Test worker] INFO  manager.ListenerWD -- After find element-->By.cssSelector: a[href='/login']
63705 [Test worker] INFO  manager.ListenerWD -- Location of element-->a
63712 [Test worker] INFO  manager.ListenerWD -- Before click element -->atext-->LOGIN
63741 [Test worker] INFO  manager.ListenerWD -- After click element -->a
63741 [Test worker] INFO  manager.ListenerWD -- Before find element-->By.name: email
63752 [Test worker] INFO  manager.ListenerWD -- After find element-->By.name: email
63756 [Test worker] INFO  manager.ListenerWD -- Location of element-->input
63762 [Test worker] INFO  manager.ListenerWD -- Before click element -->inputtext-->
63800 [Test worker] INFO  manager.ListenerWD -- After click element -->input
63820 [Test worker] INFO  manager.ListenerWD -- sendKeyds-->
63823 [Test worker] INFO  manager.ListenerWD -- sendKeyds_TagName-->input
63845 [Test worker] INFO  manager.ListenerWD -- Before find element-->By.xpath: //input[@placeholder='Password']
63848 [Test worker] INFO  manager.ListenerWD -- After find element-->By.xpath: //input[@placeholder='Password']
63855 [Test worker] INFO  manager.ListenerWD -- Location of element-->input
63864 [Test worker] INFO  manager.ListenerWD -- Before click element -->inputtext-->
63897 [Test worker] INFO  manager.ListenerWD -- After click element -->input
63919 [Test worker] INFO  manager.ListenerWD -- sendKeyds-->
63921 [Test worker] INFO  manager.ListenerWD -- sendKeyds_TagName-->input
63939 [Test worker] INFO  manager.ListenerWD -- Before find element-->By.xpath: //button[text()='Login']
63945 [Test worker] INFO  manager.ListenerWD -- After find element-->By.xpath: //button[text()='Login']
63947 [Test worker] INFO  manager.ListenerWD -- Location of element-->button
63957 [Test worker] INFO  manager.ListenerWD -- Before click element -->buttontext-->Login
63993 [Test worker] INFO  manager.ListenerWD -- Before find element-->By.xpath: //a[@href='/add']
64269 [Test worker] INFO  manager.ListenerWD -- After find element-->By.xpath: //a[@href='/add']
64274 [Test worker] INFO  manager.ListenerWD -- Location of element-->a
64284 [Test worker] INFO  manager.ListenerWD -- Before click element -->atext-->ADD
64322 [Test worker] INFO  manager.ListenerWD -- After click element -->a
64322 [Test worker] INFO  manager.ListenerWD -- Before find element-->By.xpath: //input[@placeholder='Name']
64329 [Test worker] INFO  manager.ListenerWD -- After find element-->By.xpath: //input[@placeholder='Name']
64332 [Test worker] INFO  manager.ListenerWD -- Location of element-->input
64340 [Test worker] INFO  manager.ListenerWD -- Before click element -->inputtext-->
64376 [Test worker] INFO  manager.ListenerWD -- After click element -->input
64396 [Test worker] INFO  manager.ListenerWD -- sendKeyds-->
64399 [Test worker] INFO  manager.ListenerWD -- sendKeyds_TagName-->input
64415 [Test worker] INFO  manager.ListenerWD -- Before find element-->By.xpath: //input[@placeholder='Last Name']
64419 [Test worker] INFO  manager.ListenerWD -- After find element-->By.xpath: //input[@placeholder='Last Name']
64419 [Test worker] INFO  manager.ListenerWD -- Location of element-->input
64435 [Test worker] INFO  manager.ListenerWD -- Before click element -->inputtext-->
64466 [Test worker] INFO  manager.ListenerWD -- After click element -->input
64488 [Test worker] INFO  manager.ListenerWD -- sendKeyds-->
64491 [Test worker] INFO  manager.ListenerWD -- sendKeyds_TagName-->input
64507 [Test worker] INFO  manager.ListenerWD -- Before find element-->By.xpath: //input[@placeholder='Phone']
64515 [Test worker] INFO  manager.ListenerWD -- After find element-->By.xpath: //input[@placeholder='Phone']
64518 [Test worker] INFO  manager.ListenerWD -- Location of element-->input
64524 [Test worker] INFO  manager.ListenerWD -- Before click element -->inputtext-->
64556 [Test worker] INFO  manager.ListenerWD -- After click element -->input
64575 [Test worker] INFO  manager.ListenerWD -- sendKeyds-->
64577 [Test worker] INFO  manager.ListenerWD -- sendKeyds_TagName-->input
64595 [Test worker] INFO  manager.ListenerWD -- Before find element-->By.xpath: //input[@placeholder='email']
64603 [Test worker] INFO  manager.ListenerWD -- After find element-->By.xpath: //input[@placeholder='email']
64607 [Test worker] INFO  manager.ListenerWD -- Location of element-->input
64614 [Test worker] INFO  manager.ListenerWD -- Before click element -->inputtext-->
64647 [Test worker] INFO  manager.ListenerWD -- After click element -->input
64665 [Test worker] INFO  manager.ListenerWD -- sendKeyds-->
64667 [Test worker] INFO  manager.ListenerWD -- sendKeyds_TagName-->input
64685 [Test worker] INFO  manager.ListenerWD -- Before find element-->By.xpath: //input[@placeholder='Address']
64697 [Test worker] INFO  manager.ListenerWD -- After find element-->By.xpath: //input[@placeholder='Address']
64700 [Test worker] INFO  manager.ListenerWD -- Location of element-->input
64708 [Test worker] INFO  manager.ListenerWD -- Before click element -->inputtext-->
64740 [Test worker] INFO  manager.ListenerWD -- After click element -->input
64761 [Test worker] INFO  manager.ListenerWD -- sendKeyds-->
64765 [Test worker] INFO  manager.ListenerWD -- sendKeyds_TagName-->input
64781 [Test worker] INFO  manager.ListenerWD -- Before find element-->By.xpath: //input[@placeholder='description']
64781 [Test worker] INFO  manager.ListenerWD -- After find element-->By.xpath: //input[@placeholder='description']
64781 [Test worker] INFO  manager.ListenerWD -- Location of element-->input
64802 [Test worker] INFO  manager.ListenerWD -- Before click element -->inputtext-->
64831 [Test worker] INFO  manager.ListenerWD -- After click element -->input
64846 [Test worker] INFO  manager.ListenerWD -- Before find element-->By.xpath: //b[text()='Save']
64853 [Test worker] INFO  manager.ListenerWD -- After find element-->By.xpath: //b[text()='Save']
64855 [Test worker] INFO  manager.ListenerWD -- Location of element-->b
64862 [Test worker] INFO  manager.ListenerWD -- Before click element -->btext-->Save
64882 [Test worker] INFO  manager.ListenerWD -- After click element -->b
64882 [Test worker] INFO  manager.ListenerWD -- Before find element-->By.xpath: //h2[text()='Pavel']
65320 [Test worker] INFO  manager.ListenerWD -- After find element-->By.xpath: //h2[text()='Pavel']
65324 [Test worker] INFO  manager.ListenerWD -- Location of element-->h2
65330 [Test worker] INFO  manager.ListenerWD -- Before click element -->h2text-->Pavel
65364 [Test worker] INFO  manager.ListenerWD -- After click element -->h2
65369 [Test worker] INFO  tests.TestBase -- Assert check is alert present with button  'Edit'
65369 [Test worker] INFO  tests.TestBase -- ==============================================
